"code","level1","level2","level3","level4"
"TAT07T08173","TRD ACABADOS","TRD BAÑOS","TRD ACCESORIOS Y REPUESTOS","TRD ASIENTOS PARA INODOROS"
"TAT07T08192","TRD ACABADOS","TRD BAÑOS","TRD ACCESORIOS Y REPUESTOS","TRD BARRAS DE SEGURIDAD"
"TAT07T08526","TRD ACABADOS","TRD BAÑOS","TRD ACCESORIOS Y REPUESTOS","TRD JUEGOS DE ACCESORIOS"
"TAT07T98197","TRD ACABADOS","TRD BAÑOS","TRD LOZA SANITARIA","TRD BEBEDEROS"
"TAT07T98203","TRD ACABADOS","TRD BAÑOS","TRD LOZA SANITARIA","TRD BIDET"
"TAT07T98515","TRD ACABADOS","TRD BAÑOS","TRD LOZA SANITARIA","TRD INODOROS"
"TAT07T98546","TRD ACABADOS","TRD BAÑOS","TRD LOZA SANITARIA","TRD LAVATORIOS"
"TAT07T98547","TRD ACABADOS","TRD BAÑOS","TRD LOZA SANITARIA","TRD LETRINAS"
"TAT07T98613","TRD ACABADOS","TRD BAÑOS","TRD LOZA SANITARIA","TRD MINGITORIOS"
"TAT07T98651","TRD ACABADOS","TRD BAÑOS","TRD LOZA SANITARIA","TRD PEDESTALES"
"TAT07T98846","TRD ACABADOS","TRD BAÑOS","TRD LOZA SANITARIA","TRD TINAS"
"TAT07TB5218","TRD ACABADOS","TRD BAÑOS","TRD MUEBLES DE BAÑO","TRD BOTIQUINES"
"TAT07TB5619","TRD ACABADOS","TRD BAÑOS","TRD MUEBLES DE BAÑO","TRD MUEBLE BAÑO"
"TAT07TB5620","TRD ACABADOS","TRD BAÑOS","TRD MUEBLES DE BAÑO","TRD MUEBLE LAVATORIO"
"TAT14T08197","TRD ACABADOS","TRD GRIFERÍA","TRD ACCESORIOS Y REPUESTOS","TRD BEBEDEROS"
"TAT14T08203","TRD ACABADOS","TRD GRIFERÍA","TRD ACCESORIOS Y REPUESTOS","TRD BIDET"
"TAT14T08307","TRD ACABADOS","TRD GRIFERÍA","TRD ACCESORIOS Y REPUESTOS","TRD COMPLEMENTOS GRIFERÍA"
"TAT14T08380","TRD ACABADOS","TRD GRIFERÍA","TRD ACCESORIOS Y REPUESTOS","TRD DUCHA"
"TAT14T08453","TRD ACABADOS","TRD GRIFERÍA","TRD ACCESORIOS Y REPUESTOS","TRD FLUXÓMETROS"
"TAT14T08457","TRD ACABADOS","TRD GRIFERÍA","TRD ACCESORIOS Y REPUESTOS","TRD FREGADERO"
"TAT14T08544","TRD ACABADOS","TRD GRIFERÍA","TRD ACCESORIOS Y REPUESTOS","TRD LAVAPIES"
"TAT14T08545","TRD ACABADOS","TRD GRIFERÍA","TRD ACCESORIOS Y REPUESTOS","TRD LAVATORIO"
"TAT14T08739","TRD ACABADOS","TRD GRIFERÍA","TRD ACCESORIOS Y REPUESTOS","TRD REGADERA"
"TAT14T08846","TRD ACABADOS","TRD GRIFERÍA","TRD ACCESORIOS Y REPUESTOS","TRD TINAS"
"TAT18T18198","TRD ACABADOS","TRD HOGAR","TRD ALFOMBRAS","TRD BERBER"
"TAT18T18219","TRD ACABADOS","TRD HOGAR","TRD ALFOMBRAS","TRD BOUCLE"
"TAT18T18339","TRD ACABADOS","TRD HOGAR","TRD ALFOMBRAS","TRD CUBRE PISO"
"TAT18T18553","TRD ACABADOS","TRD HOGAR","TRD ALFOMBRAS","TRD LIMPIA PIES"
"TAT18T18637","TRD ACABADOS","TRD HOGAR","TRD ALFOMBRAS","TRD PANETE"
"TAT18T18647","TRD ACABADOS","TRD HOGAR","TRD ALFOMBRAS","TRD PASTO SINTETICO"
"TAT18T18655","TRD ACABADOS","TRD HOGAR","TRD ALFOMBRAS","TRD PELO CORTADO"
"TAT18T29109","TRD ACABADOS","TRD HOGAR","TRD BBQ","TRD ACCESORIOS PARA BBQ"
"TAT18T29646","TRD ACABADOS","TRD HOGAR","TRD BBQ","TRD PARRILLAS"
"TAT18T30208","TRD ACABADOS","TRD HOGAR","TRD BODEGAS","TRD BODEGAS"
"TAT18T38213","TRD ACABADOS","TRD HOGAR","TRD CAMPING","TRD BOMBAS PARA INFLAR"
"TAT18T38260","TRD ACABADOS","TRD HOGAR","TRD CAMPING","TRD CASAS DE CAMPAÑA"
"TAT18T38301","TRD ACABADOS","TRD HOGAR","TRD CAMPING","TRD COLCHONES INFLABLES"
"TAT18T38503","TRD ACABADOS","TRD HOGAR","TRD CAMPING","TRD HIELERAS Y THERMOS"
"TAT18T38744","TRD ACABADOS","TRD HOGAR","TRD CAMPING","TRD REPELENTES"
"TAT18T38806","TRD ACABADOS","TRD HOGAR","TRD CAMPING","TRD SUSTITUTO DE HIELO"
"TAT18T38900","TRD ACABADOS","TRD HOGAR","TRD CAMPING","TRD VARIOS CAMPING"
"TAT18T50306","TRD ACABADOS","TRD HOGAR","TRD CLOSET","TRD COMPLEMENTOS CLOSET"
"TAT18T50614","TRD ACABADOS","TRD HOGAR","TRD CLOSET","TRD MODULAR"
"TAT18T52111","TRD ACABADOS","TRD HOGAR","TRD COCINA","TRD ACCESORIOS VARIOS"
"TAT18T52458","TRD ACABADOS","TRD HOGAR","TRD COCINA","TRD FREGADERO DE FIBRA VIDRIO"
"TAT18T52459","TRD ACABADOS","TRD HOGAR","TRD COCINA","TRD FREGADERO DE GRANITO"
"TAT18T52460","TRD ACABADOS","TRD HOGAR","TRD COCINA","TRD FREGADERO DE PLÁSTICO"
"TAT18T52461","TRD ACABADOS","TRD HOGAR","TRD COCINA","TRD FREGADERO DE VIDRIO"
"TAT18T52462","TRD ACABADOS","TRD HOGAR","TRD COCINA","TRD FREGADERO MARMOL"
"TAT18T52463","TRD ACABADOS","TRD HOGAR","TRD COCINA","TRD FREGADEROS ACERO INOXIDABLE"
"TAT18T52791","TRD ACABADOS","TRD HOGAR","TRD COCINA","TRD SOBRES DE GRANITO NATURAL"
"TAT18T52792","TRD ACABADOS","TRD HOGAR","TRD COCINA","TRD SOBRES DE GRANITO SINTETICO"
"TAT18T52793","TRD ACABADOS","TRD HOGAR","TRD COCINA","TRD SOBRES DE POSFORMADOS"
"TAT18T52882","TRD ACABADOS","TRD HOGAR","TRD COCINA","TRD UTENSILIOS DE COCINA"
"TAT18T54167","TRD ACABADOS","TRD HOGAR","TRD COMPLEMENTO HOGAR","TRD ARMARRÁPIDOS Y ESTANTERÍA"
"TAT18T54193","TRD ACABADOS","TRD HOGAR","TRD COMPLEMENTO HOGAR","TRD BASUREROS"
"TAT18T54209","TRD ACABADOS","TRD HOGAR","TRD COMPLEMENTO HOGAR","TRD BOLSA BASURA"
"TAT18T54370","TRD ACABADOS","TRD HOGAR","TRD COMPLEMENTO HOGAR","TRD DESHUMEDECEDOR"
"TAT18T54527","TRD ACABADOS","TRD HOGAR","TRD COMPLEMENTO HOGAR","TRD JUGUETES"
"TAT18T54684","TRD ACABADOS","TRD HOGAR","TRD COMPLEMENTO HOGAR","TRD PIZARRAS"
"TAT18T54891","TRD ACABADOS","TRD HOGAR","TRD COMPLEMENTO HOGAR","TRD VARIOS HOGAR"
"TAT18T65327","TRD ACABADOS","TRD HOGAR","TRD DECORACIÓN","TRD CORTINAS"
"TAT18T65329","TRD ACABADOS","TRD HOGAR","TRD DECORACIÓN","TRD CRISTALERÍA"
"TAT18T65411","TRD ACABADOS","TRD HOGAR","TRD DECORACIÓN","TRD ESPEJOS"
"TAT18T65662","TRD ACABADOS","TRD HOGAR","TRD DECORACIÓN","TRD PERSIANAS"
"TAT18T65899","TRD ACABADOS","TRD HOGAR","TRD DECORACIÓN","TRD SOPORTES DE TV"
"TAT18T68102","TRD ACABADOS","TRD HOGAR","TRD ELECTRODOMÉSTICOS","TRD ABRELATAS"
"TAT18T68196","TRD ACABADOS","TRD HOGAR","TRD ELECTRODOMÉSTICOS","TRD BATIDORAS"
"TAT18T68237","TRD ACABADOS","TRD HOGAR","TRD ELECTRODOMÉSTICOS","TRD CAFETERAS"
"TAT18T68344","TRD ACABADOS","TRD HOGAR","TRD ELECTRODOMÉSTICOS","TRD CUCHILLOS ELÉCTRICOS"
"TAT18T68421","TRD ACABADOS","TRD HOGAR","TRD ELECTRODOMÉSTICOS","TRD EXPRIMIDORES DE JUGO"
"TAT18T68506","TRD ACABADOS","TRD HOGAR","TRD ELECTRODOMÉSTICOS","TRD HORNILLAS"
"TAT18T68543","TRD ACABADOS","TRD HOGAR","TRD ELECTRODOMÉSTICOS","TRD LAVADORAS"
"TAT18T68548","TRD ACABADOS","TRD HOGAR","TRD ELECTRODOMÉSTICOS","TRD LICUADORAS"
"TAT18T68586","TRD ACABADOS","TRD HOGAR","TRD ELECTRODOMÉSTICOS","TRD MAQUINAS PARA HACER TE"
"TAT18T68610","TRD ACABADOS","TRD HOGAR","TRD ELECTRODOMÉSTICOS","TRD MICROONDAS"
"TAT18T68630","TRD ACABADOS","TRD HOGAR","TRD ELECTRODOMÉSTICOS","TRD OLLAS ARROCERAS"
"TAT18T68631","TRD ACABADOS","TRD HOGAR","TRD ELECTRODOMÉSTICOS","TRD OLLAS DE COCIMIENTO LENTO"
"TAT18T68687","TRD ACABADOS","TRD HOGAR","TRD ELECTRODOMÉSTICOS","TRD PLANCHAS"
"TAT18T68721","TRD ACABADOS","TRD HOGAR","TRD ELECTRODOMÉSTICOS","TRD PROCESADORES DE ALIMENTOS"
"TAT18T68738","TRD ACABADOS","TRD HOGAR","TRD ELECTRODOMÉSTICOS","TRD REFRIGERADORES"
"TAT18T68745","TRD ACABADOS","TRD HOGAR","TRD ELECTRODOMÉSTICOS","TRD REPUESTOS"
"TAT18T68765","TRD ACABADOS","TRD HOGAR","TRD ELECTRODOMÉSTICOS","TRD SECADORAS"
"TAT18T68857","TRD ACABADOS","TRD HOGAR","TRD ELECTRODOMÉSTICOS","TRD TOSTADORES"
"TAT18T68913","TRD ACABADOS","TRD HOGAR","TRD ELECTRODOMÉSTICOS","TRD WAFLERAS"
"TAT18T71523","TRD ACABADOS","TRD HOGAR","TRD ESTACIONAL","TRD INVIERNO"
"TAT18T71999","TRD ACABADOS","TRD HOGAR","TRD ESTACIONAL","TRD VERANO"
"TAT18T94103","TRD ACABADOS","TRD HOGAR","TRD LIMPIEZA","TRD ACCESORIOS"
"TAT18T94271","TRD ACABADOS","TRD HOGAR","TRD LIMPIEZA","TRD CEPILLOS"
"TAT18T94402","TRD ACABADOS","TRD HOGAR","TRD LIMPIEZA","TRD ESCOBAS Y PALO DE PISO"
"TAT18T94724","TRD ACABADOS","TRD HOGAR","TRD LIMPIEZA","TRD PRODUCTOS QUÍMICOS"
"TAT18TA6103","TRD ACABADOS","TRD HOGAR","TRD MASCOTAS","TRD ACCESORIOS"
"TAT18TA6141","TRD ACABADOS","TRD HOGAR","TRD MASCOTAS","TRD ALIMENTOS"
"TAT18TA6236","TRD ACABADOS","TRD HOGAR","TRD MASCOTAS","TRD CADENAS Y COLLARES"
"TAT18TA6303","TRD ACABADOS","TRD HOGAR","TRD MASCOTAS","TRD COMEDEROS PARA AVES"
"TAT18TA6373","TRD ACABADOS","TRD HOGAR","TRD MASCOTAS","TRD DESODORANTES"
"TAT18TA6528","TRD ACABADOS","TRD HOGAR","TRD MASCOTAS","TRD JUGUETES Y HUESOS"
"TAT18TA6650","TRD ACABADOS","TRD HOGAR","TRD MASCOTAS","TRD PECERAS"
"TAT18TA6698","TRD ACABADOS","TRD HOGAR","TRD MASCOTAS","TRD PLATOS"
"TAT18TA6722","TRD ACABADOS","TRD HOGAR","TRD MASCOTAS","TRD PRODUCTOS DE ASEO"
"TAT18TA6723","TRD ACABADOS","TRD HOGAR","TRD MASCOTAS","TRD PRODUCTOS MEDICADOS PARA MASCOTA"
"TAT18TB4201","TRD ACABADOS","TRD HOGAR","TRD MUEBLES","TRD BIBLIOTECA"
"TAT18TB4298","TRD ACABADOS","TRD HOGAR","TRD MUEBLES","TRD COCINETAS"
"TAT18TB4304","TRD ACABADOS","TRD HOGAR","TRD MUEBLES","TRD COMEDOR"
"TAT18TB4310","TRD ACABADOS","TRD HOGAR","TRD MUEBLES","TRD COMPUTACIÓN"
"TAT18TB4396","TRD ACABADOS","TRD HOGAR","TRD MUEBLES","TRD ENTRETENIMIENTO"
"TAT18TB4399","TRD ACABADOS","TRD HOGAR","TRD MUEBLES","TRD COLCHONES"
"TAT18TB4493","TRD ACABADOS","TRD HOGAR","TRD MUEBLES","TRD HABITACIÓN"
"TAT18TB4627","TRD ACABADOS","TRD HOGAR","TRD MUEBLES","TRD OFICINA"
"TAT18TB4639","TRD ACABADOS","TRD HOGAR","TRD MUEBLES","TRD PARA FREGADERO"
"TAT18TB4649","TRD ACABADOS","TRD HOGAR","TRD MUEBLES","TRD PATIO Y EXTERIORES"
"TAT18TB4762","TRD ACABADOS","TRD HOGAR","TRD MUEBLES","TRD SALAS"
"TAT18TB4788","TRD ACABADOS","TRD HOGAR","TRD MUEBLES","TRD SILLAS"
"TAT18TC5110","TRD ACABADOS","TRD HOGAR","TRD PISCINAS","TRD ACCESORIOS PARA PISCINAS"
"TAT18TC5679","TRD ACABADOS","TRD HOGAR","TRD PISCINAS","TRD PISCINAS"
"TAT18TG5143","TRD ACABADOS","TRD HOGAR","TRD TEXTILES","TRD ALMOHADAS"
"TAT18TG5761","TRD ACABADOS","TRD HOGAR","TRD TEXTILES","TRD SABANAS"
"TAT18TG5850","TRD ACABADOS","TRD HOGAR","TRD TEXTILES","TRD TOALLAS"
"TAT25T23123","TRD ACABADOS","TRD PINTURAS Y RECUBRIMIENTOS","TRD APLICADORES Y ACCESORIOS","TRD ADHESIVOS"
"TAT25T23183","TRD ACABADOS","TRD PINTURAS Y RECUBRIMIENTOS","TRD APLICADORES Y ACCESORIOS","TRD BALDES Y BANDEJAS"
"TAT25T23226","TRD ACABADOS","TRD PINTURAS Y RECUBRIMIENTOS","TRD APLICADORES Y ACCESORIOS","TRD BROCHAS"
"TAT25T23375","TRD ACABADOS","TRD PINTURAS Y RECUBRIMIENTOS","TRD APLICADORES Y ACCESORIOS","TRD DILUYENTES"
"TAT25T23412","TRD ACABADOS","TRD PINTURAS Y RECUBRIMIENTOS","TRD APLICADORES Y ACCESORIOS","TRD ESPONJAS"
"TAT25T23417","TRD ACABADOS","TRD PINTURAS Y RECUBRIMIENTOS","TRD APLICADORES Y ACCESORIOS","TRD ESTOPA"
"TAT25T23422","TRD ACABADOS","TRD PINTURAS Y RECUBRIMIENTOS","TRD APLICADORES Y ACCESORIOS","TRD EXTENSIONES"
"TAT25T23432","TRD ACABADOS","TRD PINTURAS Y RECUBRIMIENTOS","TRD APLICADORES Y ACCESORIOS","TRD FELPAS"
"TAT25T23530","TRD ACABADOS","TRD PINTURAS Y RECUBRIMIENTOS","TRD APLICADORES Y ACCESORIOS","TRD KIT (BANDEJA/RODILLO)"
"TAT25T23589","TRD ACABADOS","TRD PINTURAS Y RECUBRIMIENTOS","TRD APLICADORES Y ACCESORIOS","TRD MARCOS Y RODILLOS"
"TAT25T23595","TRD ACABADOS","TRD PINTURAS Y RECUBRIMIENTOS","TRD APLICADORES Y ACCESORIOS","TRD MASKING TAPE"
"TAT25T23669","TRD ACABADOS","TRD PINTURAS Y RECUBRIMIENTOS","TRD APLICADORES Y ACCESORIOS","TRD PINCELES"
"TAT25T23693","TRD ACABADOS","TRD PINTURAS Y RECUBRIMIENTOS","TRD APLICADORES Y ACCESORIOS","TRD PLASTICOS (COBERTOR)"
"TAT25T56113","TRD ACABADOS","TRD PINTURAS Y RECUBRIMIENTOS","TRD COMPLEMENTOS PINTURAS","TRD ACEITE DE LINAZA"
"TAT25T56747","TRD ACABADOS","TRD PINTURAS Y RECUBRIMIENTOS","TRD COMPLEMENTOS PINTURAS","TRD RESINA"
"TAT25T65268","TRD ACABADOS","TRD PINTURAS Y RECUBRIMIENTOS","TRD DECORACIÓN","TRD CENEFAS DE PAPEL"
"TAT25T65638","TRD ACABADOS","TRD PINTURAS Y RECUBRIMIENTOS","TRD DECORACIÓN","TRD PAPEL TAPIZ"
"TAT25T65802","TRD ACABADOS","TRD PINTURAS Y RECUBRIMIENTOS","TRD DECORACIÓN","TRD STENCILS"
"TAT25T87425","TRD ACABADOS","TRD PINTURAS Y RECUBRIMIENTOS","TRD IMPERMEABILIZANTES","TRD EXTERIORES"
"TAT25TC4158","TRD ACABADOS","TRD PINTURAS Y RECUBRIMIENTOS","TRD PINTURAS","TRD ANTICORROSIVOS"
"TAT25TC4671","TRD ACABADOS","TRD PINTURAS Y RECUBRIMIENTOS","TRD PINTURAS","TRD PINTURA ACRÍLICA (AGUA)"
"TAT25TC4672","TRD ACABADOS","TRD PINTURAS Y RECUBRIMIENTOS","TRD PINTURAS","TRD PINTURA ALKÍDICA (ACEITE)"
"TAT25TC4673","TRD ACABADOS","TRD PINTURAS Y RECUBRIMIENTOS","TRD PINTURAS","TRD PINTURA AUTOMOTRIZ"
"TAT25TC4674","TRD ACABADOS","TRD PINTURAS Y RECUBRIMIENTOS","TRD PINTURAS","TRD PINTURA EN SPRAY"
"TAT25TC4675","TRD ACABADOS","TRD PINTURAS Y RECUBRIMIENTOS","TRD PINTURAS","TRD PINTURA INDUSTRIAL"
"TAT25TD5114","TRD ACABADOS","TRD PINTURAS Y RECUBRIMIENTOS","TRD PRODUCTOS PARA MADERA","TRD ACEITES NATURALES"
"TAT25TD5189","TRD ACABADOS","TRD PINTURAS Y RECUBRIMIENTOS","TRD PRODUCTOS PARA MADERA","TRD BARNICES"
"TAT25TD5532","TRD ACABADOS","TRD PINTURAS Y RECUBRIMIENTOS","TRD PRODUCTOS PARA MADERA","TRD LACAS"
"TAT25TD5847","TRD ACABADOS","TRD PINTURAS Y RECUBRIMIENTOS","TRD PRODUCTOS PARA MADERA","TRD TINTES PARA MADERA"
"TAT25TD9480","TRD ACABADOS","TRD PINTURAS Y RECUBRIMIENTOS","TRD RECUBRIMIENTOS","TRD GRANITO"
"TAT25TD9594","TRD ACABADOS","TRD PINTURAS Y RECUBRIMIENTOS","TRD RECUBRIMIENTOS","TRD MASILLAS"
"TAT25TD9750","TRD ACABADOS","TRD PINTURAS Y RECUBRIMIENTOS","TRD RECUBRIMIENTOS","TRD REVESTIMIENTOS"
"TAT25TD9803","TRD ACABADOS","TRD PINTURAS Y RECUBRIMIENTOS","TRD RECUBRIMIENTOS","TRD STUCCOS"
"TAT25TE6312","TRD ACABADOS","TRD PINTURAS Y RECUBRIMIENTOS","TRD SELLADORES","TRD CONCRETO"
"TAT25TE6571","TRD ACABADOS","TRD PINTURAS Y RECUBRIMIENTOS","TRD SELLADORES","TRD MADERA"
"TAT25TF3117","TRD ACABADOS","TRD PINTURAS Y RECUBRIMIENTOS","TRD SOLVENTES","TRD ACETONA"
"TAT25TF3129","TRD ACABADOS","TRD PINTURAS Y RECUBRIMIENTOS","TRD SOLVENTES","TRD AGUARRÁS"
"TAT25TF3375","TRD ACABADOS","TRD PINTURAS Y RECUBRIMIENTOS","TRD SOLVENTES","TRD DILUYENTES"
"TAT25TF3529","TRD ACABADOS","TRD PINTURAS Y RECUBRIMIENTOS","TRD SOLVENTES","TRD KEROSENE"
"TAT25TF3840","TRD ACABADOS","TRD PINTURAS Y RECUBRIMIENTOS","TRD SOLVENTES","TRD THINER LACA"
"TAT25TF3841","TRD ACABADOS","TRD PINTURAS Y RECUBRIMIENTOS","TRD SOLVENTES","TRD THINER SINTETICO"
"TAT25TF3896","TRD ACABADOS","TRD PINTURAS Y RECUBRIMIENTOS","TRD SOLVENTES","TRD VARSOL"
"TAT26T22456","TRD ACABADOS","TRD PISOS Y AZULEJOS","TRD APLICADORES","TRD FRAGUAS"
"TAT26T22726","TRD ACABADOS","TRD PISOS Y AZULEJOS","TRD APLICADORES","TRD PROTECCIÓN PARA PISOS Y AZULEJOS"
"TAT26T22939","TRD ACABADOS","TRD PISOS Y AZULEJOS","TRD APLICADORES","TRD SEPARADORES"
"TAT26T28181","TRD ACABADOS","TRD PISOS Y AZULEJOS","TRD AZULEJOS","TRD AZULEJO"
"TAT26T28642","TRD ACABADOS","TRD PISOS Y AZULEJOS","TRD AZULEJOS","TRD PARA PISCINA"
"TAT26T47267","TRD ACABADOS","TRD PISOS Y AZULEJOS","TRD CENEFAS","TRD CENEFAS"
"TAT26T47518","TRD ACABADOS","TRD PISOS Y AZULEJOS","TRD CENEFAS","TRD INSERTOS"
"TAT26T47810","TRD ACABADOS","TRD PISOS Y AZULEJOS","TRD CENEFAS","TRD TACOS"
"TAT26T65903","TRD ACABADOS","TRD PISOS Y AZULEJOS","TRD DECORACIÓN","TRD VIDRIOBLOCK"
"TAT26T96518","TRD ACABADOS","TRD PISOS Y AZULEJOS","TRD LISTELOS","TRD INSERTOS"
"TAT26T96556","TRD ACABADOS","TRD PISOS Y AZULEJOS","TRD LISTELOS","TRD LISTELOS"
"TAT26TC6163","TRD ACABADOS","TRD PISOS Y AZULEJOS","TRD PISOS","TRD ARABESCO"
"TAT26TC6166","TRD ACABADOS","TRD PISOS Y AZULEJOS","TRD PISOS","TRD ARCILLA"
"TAT26TC6274","TRD ACABADOS","TRD PISOS Y AZULEJOS","TRD PISOS","TRD CERÁMICA"
"TAT26TC6536","TRD ACABADOS","TRD PISOS Y AZULEJOS","TRD PISOS","TRD LAMINADO"
"TAT26TC6616","TRD ACABADOS","TRD PISOS Y AZULEJOS","TRD PISOS","TRD MOSAICO"
"TAT26TC6652","TRD ACABADOS","TRD PISOS Y AZULEJOS","TRD PISOS","TRD PEDRÍN"
"TAT26TC6666","TRD ACABADOS","TRD PISOS Y AZULEJOS","TRD PISOS","TRD PIEDRAS"
"TAT26TC6707","TRD ACABADOS","TRD PISOS Y AZULEJOS","TRD PISOS","TRD PORCELANATO"
"TAT26TC6838","TRD ACABADOS","TRD PISOS Y AZULEJOS","TRD PISOS","TRD TERRAZOS"
"TAT26TC6909","TRD ACABADOS","TRD PISOS Y AZULEJOS","TRD PISOS","TRD VINIL"
"TAT29TI6904","TRD ACABADOS","TRD PUERTAS; VENTANAS Y MOLDURAS","TRD VENTANAS","TRD VIDRIOS"
"TAT29TI6905","TRD ACABADOS","TRD PUERTAS; VENTANAS Y MOLDURAS","TRD VENTANAS","TRD VIDRIOS DECORATIVOS"
"TAT43T37381","TRD ACABADOS","TRD ELECTRO-GAS HOGAR","TRD CALENTADORES","TRD DUCHAS"
"TAT43T37386","TRD ACABADOS","TRD ELECTRO-GAS HOGAR","TRD CALENTADORES","TRD ELÉCTRICOS"
"TAT43T37472","TRD ACABADOS","TRD ELECTRO-GAS HOGAR","TRD CALENTADORES","TRD GAS"
"TAT43T68420","TRD ACABADOS","TRD ELECTRO-GAS HOGAR","TRD ELECTRODOMÉSTICOS","TRD ESTUFAS"
"TAT43T68507","TRD ACABADOS","TRD ELECTRO-GAS HOGAR","TRD ELECTRODOMÉSTICOS","TRD HORNOS"
"TAT43T72248","TRD ACABADOS","TRD ELECTRO-GAS HOGAR","TRD EXTRACTORES","TRD CAMPANA DE EXTRACCIÓN GRASA"
"TAT43T72427","TRD ACABADOS","TRD ELECTRO-GAS HOGAR","TRD EXTRACTORES","TRD EXTRACTOR DE AIRE"
"TAT43T86131","TRD ACABADOS","TRD ELECTRO-GAS HOGAR","TRD HVAC - VENTILACIÓN","TRD AIRES ACONDICIONADOS"
"TAT43T86246","TRD ACABADOS","TRD ELECTRO-GAS HOGAR","TRD HVAC - VENTILACIÓN","TRD CALEFACCIÓN"
"TBT03T09122","TRD FERRETERIA","TRD ADHESIVOS","TRD ADHESIVOS","TRD ADHESIVO DE CALOR BARRA"
"TBT03T09124","TRD FERRETERIA","TRD ADHESIVOS","TRD ADHESIVOS","TRD ADHESIVOS VARIOS"
"TBT03T49285","TRD FERRETERIA","TRD ADHESIVOS","TRD CINTAS","TRD CINTAS PARA EMPASTE"
"TBT03TC1653","TRD FERRETERIA","TRD ADHESIVOS","TRD PEGAMENTOS","TRD PEGAMENTO DE CONTACTO"
"TBT03TC1654","TRD FERRETERIA","TRD ADHESIVOS","TRD PEGAMENTOS","TRD PEGAMENTO PARA PVC"
"TBT03TE9787","TRD FERRETERIA","TRD ADHESIVOS","TRD SILICONES","TRD SILICONES"
"TBT03TF8147","TRD FERRETERIA","TRD ADHESIVOS","TRD TAPE","TRD ALUMINIO"
"TBT03TF8379","TRD FERRETERIA","TRD ADHESIVOS","TRD TAPE","TRD DOBLE CONTACTO"
"TBT03TF8382","TRD FERRETERIA","TRD ADHESIVOS","TRD TAPE","TRD DUCTO"
"TBT03TF8692","TRD FERRETERIA","TRD ADHESIVOS","TRD TAPE","TRD PLÁSTICO Y TRANSPARENTE"
"TBT03TF8819","TRD FERRETERIA","TRD ADHESIVOS","TRD TAPE","TRD TAPA GOTERA"
"TBT03TI5898","TRD FERRETERIA","TRD ADHESIVOS","TRD VELCRO","TRD VELCROS VARIOS"
"TBT04T01101","TRD FERRETERIA","TRD AGRÍCOLA","TRD ABONOS FOLIARES Y COADYUVANTES","TRD ABONOS FOLIARES Y COADYUVANTES"
"TBT04T14127","TRD FERRETERIA","TRD AGRÍCOLA","TRD AGROQUÍMICOS","TRD AGROQUÍMICOS"
"TBT04T42254","TRD FERRETERIA","TRD AGRÍCOLA","TRD CARBONATO DE CALCIO","TRD CARBONATO DE CALCIO"
"TBT04T73434","TRD FERRETERIA","TRD AGRÍCOLA","TRD FERTILIZANTES","TRD FERTILIZANTES"
"TBT04T76467","TRD FERRETERIA","TRD AGRÍCOLA","TRD FUNGICIDAS","TRD FUNGICIDAS"
"TBT04T81496","TRD FERRETERIA","TRD AGRÍCOLA","TRD HERBICIDAS","TRD HERBICIDAS"
"TBT04T89516","TRD FERRETERIA","TRD AGRÍCOLA","TRD INSECTICIDAS","TRD INSECTICIDAS"
"TBT05T35239","TRD FERRETERIA","TRD ALMACENAMIENTO","TRD CAJAS","TRD CAJAS DE HERRAMIENTA"
"TBT05T35320","TRD FERRETERIA","TRD ALMACENAMIENTO","TRD CAJAS","TRD CONTENEDORES PLÁSTICOS"
"TBT05T70187","TRD FERRETERIA","TRD ALMACENAMIENTO","TRD ESCALERAS","TRD BANCOS Y ANDAMIOS"
"TBT05T70398","TRD FERRETERIA","TRD ALMACENAMIENTO","TRD ESCALERAS","TRD ESCALERAS DE EXTENSIÓN"
"TBT05T70401","TRD FERRETERIA","TRD ALMACENAMIENTO","TRD ESCALERAS","TRD ESCALERAS RECTAS"
"TBT05T70499","TRD FERRETERIA","TRD ALMACENAMIENTO","TRD ESCALERAS","TRD ESCALERAS DE TIJERA"
"TBT06T08112","TRD FERRETERIA","TRD AUTOMOTRIZ","TRD ACCESORIOS Y REPUESTOS","TRD ACCESORIOS Y REPUESTOS"
"TBT06T08195","TRD FERRETERIA","TRD AUTOMOTRIZ","TRD ACCESORIOS Y REPUESTOS","TRD BATERÍAS"
"TBT06T08214","TRD FERRETERIA","TRD AUTOMOTRIZ","TRD ACCESORIOS Y REPUESTOS","TRD BOMBILLOS"
"TBT06T08215","TRD FERRETERIA","TRD AUTOMOTRIZ","TRD ACCESORIOS Y REPUESTOS","TRD BORNES"
"TBT06T08319","TRD FERRETERIA","TRD AUTOMOTRIZ","TRD ACCESORIOS Y REPUESTOS","TRD CONTENEDORES"
"TBT06T08388","TRD FERRETERIA","TRD AUTOMOTRIZ","TRD ACCESORIOS Y REPUESTOS","TRD EMBUDOS"
"TBT06T08426","TRD FERRETERIA","TRD AUTOMOTRIZ","TRD ACCESORIOS Y REPUESTOS","TRD EXTINTORES"
"TBT06T08430","TRD FERRETERIA","TRD AUTOMOTRIZ","TRD ACCESORIOS Y REPUESTOS","TRD FAJAS INDUSTRIALES"
"TBT06T08468","TRD FERRETERIA","TRD AUTOMOTRIZ","TRD ACCESORIOS Y REPUESTOS","TRD FUSIBLES"
"TBT06T11125","TRD FERRETERIA","TRD AUTOMOTRIZ","TRD ADITIVOS Y ACEITES","TRD ADITIVOS Y ACEITES"
"TBT06T65361","TRD FERRETERIA","TRD AUTOMOTRIZ","TRD DECORACIÓN","TRD DECORACIÓN"
"TBT06T83121","TRD FERRETERIA","TRD AUTOMOTRIZ","TRD HERRAMIENTAS AUTOMOTRIZ","TRD ADAPTADORES"
"TBT06T83338","TRD FERRETERIA","TRD AUTOMOTRIZ","TRD HERRAMIENTAS AUTOMOTRIZ","TRD CUBOS"
"TBT06T83422","TRD FERRETERIA","TRD AUTOMOTRIZ","TRD HERRAMIENTAS AUTOMOTRIZ","TRD EXTENSIONES"
"TBT06T83474","TRD FERRETERIA","TRD AUTOMOTRIZ","TRD HERRAMIENTAS AUTOMOTRIZ","TRD GATAS"
"TBT06T83497","TRD FERRETERIA","TRD AUTOMOTRIZ","TRD HERRAMIENTAS AUTOMOTRIZ","TRD HERRAMIENTAS OTROS"
"TBT06T83525","TRD FERRETERIA","TRD AUTOMOTRIZ","TRD HERRAMIENTAS AUTOMOTRIZ","TRD JUEGO DE DADOS"
"TBT06T83561","TRD FERRETERIA","TRD AUTOMOTRIZ","TRD HERRAMIENTAS AUTOMOTRIZ","TRD LLAVES ALLEN"
"TBT06T83564","TRD FERRETERIA","TRD AUTOMOTRIZ","TRD HERRAMIENTAS AUTOMOTRIZ","TRD LLAVES HEXAGONALES"
"TBT06T83577","TRD FERRETERIA","TRD AUTOMOTRIZ","TRD HERRAMIENTAS AUTOMOTRIZ","TRD MANERALES Y RATCH"
"TBT06T97559","TRD FERRETERIA","TRD AUTOMOTRIZ","TRD LLANTAS / NEUMÁTICOS","TRD LLANTAS / NEUMÁTICOS"
"TBT06TA4583","TRD FERRETERIA","TRD AUTOMOTRIZ","TRD MANTENIMIENTO Y LIMPIEZA","TRD MANTENIMIENTO Y LIMPIEZA"
"TBT08T36243","TRD FERRETERIA","TRD CERRAJERÍA","TRD CAJAS DE SEGURIDAD","TRD CAJAS VARIAS"
"TBT08T41157","TRD FERRETERIA","TRD CERRAJERÍA","TRD CANDADOS","TRD ANTI CIZALLA"
"TBT08T41227","TRD FERRETERIA","TRD CERRAJERÍA","TRD CANDADOS","TRD BRONCE"
"TBT08T41296","TRD FERRETERIA","TRD CERRAJERÍA","TRD CANDADOS","TRD COBRE"
"TBT08T41365","TRD FERRETERIA","TRD CERRAJERÍA","TRD CANDADOS","TRD DEMÁS CANDADOS"
"TBT08T41536","TRD FERRETERIA","TRD CERRAJERÍA","TRD CANDADOS","TRD LAMINADO"
"TBT08T41912","TRD FERRETERIA","TRD CERRAJERÍA","TRD CANDADOS","TRD VOLANTE"
"TBT08T48179","TRD FERRETERIA","TRD CERRAJERÍA","TRD CERRADURAS","TRD AUTO"
"TBT08T48188","TRD FERRETERIA","TRD CERRAJERÍA","TRD CERRADURAS","TRD BAÑO"
"TBT08T48277","TRD FERRETERIA","TRD CERRAJERÍA","TRD CERRADURAS","TRD CERROJOS"
"TBT08T48354","TRD FERRETERIA","TRD CERRAJERÍA","TRD CERRADURAS","TRD DE PASO"
"TBT08T48359","TRD FERRETERIA","TRD CERRAJERÍA","TRD CERRADURAS","TRD DE SOLDAR"
"TBT08T48363","TRD FERRETERIA","TRD CERRAJERÍA","TRD CERRADURAS","TRD DECORATIVAS"
"TBT08T48475","TRD FERRETERIA","TRD CERRAJERÍA","TRD CERRADURAS","TRD GAVETA"
"TBT08T48570","TRD FERRETERIA","TRD CERRAJERÍA","TRD CERRADURAS","TRD MACHOTES"
"TBT08T48581","TRD FERRETERIA","TRD CERRAJERÍA","TRD CERRADURAS","TRD MANIVELA"
"TBT08T48634","TRD FERRETERIA","TRD CERRAJERÍA","TRD CERRADURAS","TRD OTROS"
"TBT08T48664","TRD FERRETERIA","TRD CERRAJERÍA","TRD CERRADURAS","TRD PICAPORTE"
"TBT08T48665","TRD FERRETERIA","TRD CERRAJERÍA","TRD CERRADURAS","TRD PICO LORA"
"TBT08T48706","TRD FERRETERIA","TRD CERRAJERÍA","TRD CERRADURAS","TRD POMO"
"TBT08T48719","TRD FERRETERIA","TRD CERRAJERÍA","TRD CERRADURAS","TRD PRINCIPAL"
"TBT08T48728","TRD FERRETERIA","TRD CERRAJERÍA","TRD CERRADURAS","TRD PUERTA HIDRÁULICOS"
"TBT08T48767","TRD FERRETERIA","TRD CERRAJERÍA","TRD CERRADURAS","TRD SEGURIDAD"
"TBT08T48779","TRD FERRETERIA","TRD CERRAJERÍA","TRD CERRADURAS","TRD SIERRA PUERTA"
"TBT08T48911","TRD FERRETERIA","TRD CERRAJERÍA","TRD CERRADURAS","TRD VITRINA"
"TBT08T53560","TRD FERRETERIA","TRD CERRAJERÍA","TRD COMPLEMENTO CERRAJERÍA Y HERRAJES","TRD LLAVEROS"
"TBT08T53625","TRD FERRETERIA","TRD CERRAJERÍA","TRD COMPLEMENTO CERRAJERÍA Y HERRAJES","TRD NÚMEROS"
"TBT08T53754","TRD FERRETERIA","TRD CERRAJERÍA","TRD COMPLEMENTO CERRAJERÍA Y HERRAJES","TRD ROLDANAS"
"TBT08T53890","TRD FERRETERIA","TRD CERRAJERÍA","TRD COMPLEMENTO CERRAJERÍA Y HERRAJES","TRD VARIOS CERRAJERÍA Y HERRAJES"
"TBT08TE7773","TRD FERRETERIA","TRD CERRAJERÍA","TRD SERVICIOS DE CERRAJERÍA","TRD SERVICIOS"
"TBT11T08282","TRD FERRETERIA","TRD ELÉCTRICO","TRD ACCESORIOS Y REPUESTOS","TRD CINCHO PLÁSTICO / AMARRAS PLÁSTICAS"
"TBT11T08376","TRD FERRETERIA","TRD ELÉCTRICO","TRD ACCESORIOS Y REPUESTOS","TRD DISCOS DE COCINA (ESTUFA)"
"TBT11T08392","TRD FERRETERIA","TRD ELÉCTRICO","TRD ACCESORIOS Y REPUESTOS","TRD ENCHUFES"
"TBT11T08423","TRD FERRETERIA","TRD ELÉCTRICO","TRD ACCESORIOS Y REPUESTOS","TRD EXTENSIONES / EXTENSORES"
"TBT11T08483","TRD FERRETERIA","TRD ELÉCTRICO","TRD ACCESORIOS Y REPUESTOS","TRD GRAPAS PARA CABLES"
"TBT11T08489","TRD FERRETERIA","TRD ELÉCTRICO","TRD ACCESORIOS Y REPUESTOS","TRD GUÍAS PARA CABLES"
"TBT11T08520","TRD FERRETERIA","TRD ELÉCTRICO","TRD ACCESORIOS Y REPUESTOS","TRD INTERCOMUNICADORES"
"TBT11T08685","TRD FERRETERIA","TRD ELÉCTRICO","TRD ACCESORIOS Y REPUESTOS","TRD PLACAS"
"TBT11T08807","TRD FERRETERIA","TRD ELÉCTRICO","TRD ACCESORIOS Y REPUESTOS","TRD SWITCHES"
"TBT11T08822","TRD FERRETERIA","TRD ELÉCTRICO","TRD ACCESORIOS Y REPUESTOS","TRD TAPE Y CINTAS ELÉCTRICAS AISLANTES"
"TBT11T08839","TRD FERRETERIA","TRD ELÉCTRICO","TRD ACCESORIOS Y REPUESTOS","TRD TESTERS"
"TBT11T08844","TRD FERRETERIA","TRD ELÉCTRICO","TRD ACCESORIOS Y REPUESTOS","TRD TIMBRES"
"TBT11T08845","TRD FERRETERIA","TRD ELÉCTRICO","TRD ACCESORIOS Y REPUESTOS","TRD TIMERS"
"TBT11T08851","TRD FERRETERIA","TRD ELÉCTRICO","TRD ACCESORIOS Y REPUESTOS","TRD TOMA CORRIENTES"
"TBT11T08888","TRD FERRETERIA","TRD ELÉCTRICO","TRD ACCESORIOS Y REPUESTOS","TRD VARILLAS COOPERWELL"
"TBT11T16472","TRD FERRETERIA","TRD ELÉCTRICO","TRD ALARMAS Y DETECTORES","TRD GAS"
"TBT11T16509","TRD FERRETERIA","TRD ELÉCTRICO","TRD ALARMAS Y DETECTORES","TRD HUMO"
"TBT11T16634","TRD FERRETERIA","TRD ELÉCTRICO","TRD ALARMAS Y DETECTORES","TRD OTROS"
"TBT11T16769","TRD FERRETERIA","TRD ELÉCTRICO","TRD ALARMAS Y DETECTORES","TRD SENSORES DE MOVIMIENTO"
"TBT11T19146","TRD FERRETERIA","TRD ELÉCTRICO","TRD ALTA TENSIÓN","TRD ALTA TENSIÓN"
"TBT11T27149","TRD FERRETERIA","TRD ELÉCTRICO","TRD AUDIO Y VIDEO","TRD AMPLIFICADORES"
"TBT11T27155","TRD FERRETERIA","TRD ELÉCTRICO","TRD AUDIO Y VIDEO","TRD ANTENAS"
"TBT11T27178","TRD FERRETERIA","TRD ELÉCTRICO","TRD AUDIO Y VIDEO","TRD AUDÍFONOS"
"TBT11T27230","TRD FERRETERIA","TRD ELÉCTRICO","TRD AUDIO Y VIDEO","TRD CABLE BLÍSTER"
"TBT11T27231","TRD FERRETERIA","TRD ELÉCTRICO","TRD AUDIO Y VIDEO","TRD CABLE COAXIAL"
"TBT11T27315","TRD FERRETERIA","TRD ELÉCTRICO","TRD AUDIO Y VIDEO","TRD CONECTORES"
"TBT11T27378","TRD FERRETERIA","TRD ELÉCTRICO","TRD AUDIO Y VIDEO","TRD DISTRIBUIDORES"
"TBT11T27801","TRD FERRETERIA","TRD ELÉCTRICO","TRD AUDIO Y VIDEO","TRD SPLITTERS"
"TBT11T59315","TRD FERRETERIA","TRD ELÉCTRICO","TRD CONECTORES/ESPIGAS","TRD CONECTORES"
"TBT11T59837","TRD FERRETERIA","TRD ELÉCTRICO","TRD CONECTORES/ESPIGAS","TRD TERMINALES"
"TBT11T90103","TRD FERRETERIA","TRD ELÉCTRICO","TRD INTERRUPTORES","TRD ACCESORIOS"
"TBT11T90350","TRD FERRETERIA","TRD ELÉCTRICO","TRD INTERRUPTORES","TRD DE CABLE"
"TBT11T90353","TRD FERRETERIA","TRD ELÉCTRICO","TRD INTERRUPTORES","TRD DE PARED"
"TBT11T90355","TRD FERRETERIA","TRD ELÉCTRICO","TRD INTERRUPTORES","TRD DE PIE"
"TBT11T90356","TRD FERRETERIA","TRD ELÉCTRICO","TRD INTERRUPTORES","TRD DE PRESIÓN"
"TBT11T90715","TRD FERRETERIA","TRD ELÉCTRICO","TRD INTERRUPTORES","TRD POTENCIÓMETROS"
"TBT11TE1740","TRD FERRETERIA","TRD ELÉCTRICO","TRD REGULADOR DE VOLTAJE","TRD REGULADOR DE VOLTAJE"
"TBT11TG4103","TRD FERRETERIA","TRD ELÉCTRICO","TRD TELEFONÍA","TRD ACCESORIOS"
"TBT11TG4232","TRD FERRETERIA","TRD ELÉCTRICO","TRD TELEFONÍA","TRD CABLES"
"TBT11TG4238","TRD FERRETERIA","TRD ELÉCTRICO","TRD TELEFONÍA","TRD CAJAS"
"TBT11TG4834","TRD FERRETERIA","TRD ELÉCTRICO","TRD TELEFONÍA","TRD TELÉFONOS"
"TBT12T05150","TRD FERRETERIA","TRD FIJACIÓN","TRD ACCESORIOS DE FIJACIÓN","TRD ANCLAJES"
"TBT12T05153","TRD FERRETERIA","TRD FIJACIÓN","TRD ACCESORIOS DE FIJACIÓN","TRD ANILLOS"
"TBT12T05164","TRD FERRETERIA","TRD FIJACIÓN","TRD ACCESORIOS DE FIJACIÓN","TRD ARANDELAS Y ESPACIADORES"
"TBT12T05292","TRD FERRETERIA","TRD FIJACIÓN","TRD ACCESORIOS DE FIJACIÓN","TRD CLIPS"
"TBT12T05407","TRD FERRETERIA","TRD FIJACIÓN","TRD ACCESORIOS DE FIJACIÓN","TRD ESPANDERS"
"TBT12T05471","TRD FERRETERIA","TRD FIJACIÓN","TRD ACCESORIOS DE FIJACIÓN","TRD GANCHOS"
"TBT12T05481","TRD FERRETERIA","TRD FIJACIÓN","TRD ACCESORIOS DE FIJACIÓN","TRD GRAPA PARA CABLE"
"TBT12T05482","TRD FERRETERIA","TRD FIJACIÓN","TRD ACCESORIOS DE FIJACIÓN","TRD GRAPAS CORRUGADAS"
"TBT12T05485","TRD FERRETERIA","TRD FIJACIÓN","TRD ACCESORIOS DE FIJACIÓN","TRD GRAPAS PARA ENGRAPADOR"
"TBT12T05511","TRD FERRETERIA","TRD FIJACIÓN","TRD ACCESORIOS DE FIJACIÓN","TRD IMANES"
"TBT12T05569","TRD FERRETERIA","TRD FIJACIÓN","TRD ACCESORIOS DE FIJACIÓN","TRD MACHOS"
"TBT12T05751","TRD FERRETERIA","TRD FIJACIÓN","TRD ACCESORIOS DE FIJACIÓN","TRD RIBETES/REMACHES"
"TBT12T05809","TRD FERRETERIA","TRD FIJACIÓN","TRD ACCESORIOS DE FIJACIÓN","TRD TACHUELONES"
"TBT12T05810","TRD FERRETERIA","TRD FIJACIÓN","TRD ACCESORIOS DE FIJACIÓN","TRD TACOS"
"TBT12TG6142","TRD FERRETERIA","TRD FIJACIÓN","TRD TORNILLOS","TRD ALLEN - CORRIENTE"
"TBT12TG6190","TRD FERRETERIA","TRD FIJACIÓN","TRD TORNILLOS","TRD BARRAS"
"TBT12TG6259","TRD FERRETERIA","TRD FIJACIÓN","TRD TORNILLOS","TRD CARROCERÍA"
"TBT12TG6269","TRD FERRETERIA","TRD FIJACIÓN","TRD TORNILLOS","TRD CENTRO"
"TBT12TG6276","TRD FERRETERIA","TRD FIJACIÓN","TRD TORNILLOS","TRD CERRADO"
"TBT12TG6385","TRD FERRETERIA","TRD FIJACIÓN","TRD TORNILLOS","TRD DUROCK"
"TBT12TG6405","TRD FERRETERIA","TRD FIJACIÓN","TRD TORNILLOS","TRD ESMALTADO"
"TBT12TG6408","TRD FERRETERIA","TRD FIJACIÓN","TRD TORNILLOS","TRD ESPARRAGO"
"TBT12TG6419","TRD FERRETERIA","TRD FIJACIÓN","TRD TORNILLOS","TRD ESTUFA"
"TBT12TG6470","TRD FERRETERIA","TRD FIJACIÓN","TRD TORNILLOS","TRD GALVANIZADOS"
"TBT12TG6492","TRD FERRETERIA","TRD FIJACIÓN","TRD TORNILLOS","TRD GYPSUM"
"TBT12TG6501","TRD FERRETERIA","TRD FIJACIÓN","TRD TORNILLOS","TRD HEXAGONALES"
"TBT12TG6572","TRD FERRETERIA","TRD FIJACIÓN","TRD TORNILLOS","TRD MADERAS"
"TBT12TG6601","TRD FERRETERIA","TRD FIJACIÓN","TRD TORNILLOS","TRD MELAMINA"
"TBT12TG6607","TRD FERRETERIA","TRD FIJACIÓN","TRD TORNILLOS","TRD METAL"
"TBT12TG6628","TRD FERRETERIA","TRD FIJACIÓN","TRD TORNILLOS","TRD OJO - ABIERTO"
"TBT12TG6718","TRD FERRETERIA","TRD FIJACIÓN","TRD TORNILLOS","TRD PRESIÓN"
"TBT12TG6720","TRD FERRETERIA","TRD FIJACIÓN","TRD TORNILLOS","TRD PRISIONERO"
"TBT12TG6849","TRD FERRETERIA","TRD FIJACIÓN","TRD TORNILLOS","TRD TIRAFONDO"
"TBT12TG6854","TRD FERRETERIA","TRD FIJACIÓN","TRD TORNILLOS","TRD TOR-CON"
"TBT12TG6856","TRD FERRETERIA","TRD FIJACIÓN","TRD TORNILLOS","TRD TORX"
"TBT12TG6902","TRD FERRETERIA","TRD FIJACIÓN","TRD TORNILLOS","TRD VICROMATIZADO"
"TBT12TH9144","TRD FERRETERIA","TRD FIJACIÓN","TRD TUERCAS","TRD ALTA"
"TBT12TH9227","TRD FERRETERIA","TRD FIJACIÓN","TRD TUERCAS","TRD BRONCE"
"TBT12TH9316","TRD FERRETERIA","TRD FIJACIÓN","TRD TUERCAS","TRD CÓNICA"
"TBT12TH9478","TRD FERRETERIA","TRD FIJACIÓN","TRD TUERCAS","TRD GRADO 5"
"TBT12TH9479","TRD FERRETERIA","TRD FIJACIÓN","TRD TUERCAS","TRD GRADO 8"
"TBT12TH9591","TRD FERRETERIA","TRD FIJACIÓN","TRD TUERCAS","TRD MARIPOSA"
"TBT12TH9599","TRD FERRETERIA","TRD FIJACIÓN","TRD TUERCAS","TRD HEXAGONAL - GRADO 2"
"TBT12TH9612","TRD FERRETERIA","TRD FIJACIÓN","TRD TUERCAS","TRD MILIMÉTRICA"
"TBT12TH9626","TRD FERRETERIA","TRD FIJACIÓN","TRD TUERCAS","TRD NYLON"
"TBT12TH9718","TRD FERRETERIA","TRD FIJACIÓN","TRD TUERCAS","TRD PRESIÓN"
"TBT12TH9732","TRD FERRETERIA","TRD FIJACIÓN","TRD TUERCAS","TRD RANA - ALTA"
"TBT12TH9733","TRD FERRETERIA","TRD FIJACIÓN","TRD TUERCAS","TRD RANURADA"
"TBT12TH9756","TRD FERRETERIA","TRD FIJACIÓN","TRD TUERCAS","TRD ROSCA FINA"
"TBT12TH9757","TRD FERRETERIA","TRD FIJACIÓN","TRD TUERCAS","TRD ROSCA ORDINARIA"
"TBT12TH9767","TRD FERRETERIA","TRD FIJACIÓN","TRD TUERCAS","TRD SEGURIDAD"
"TBT12TH9935","TRD FERRETERIA","TRD FIJACIÓN","TRD TUERCAS","TRD HEXAGONAL CARROCERIA"
"TBT13T03103","TRD FERRETERIA","TRD GANADERÍA","TRD ACCESORIOS","TRD ACCESORIOS"
"TBT13T21154","TRD FERRETERIA","TRD GANADERÍA","TRD ANIMALES","TRD ANIMALES"
"TBT13T58597","TRD FERRETERIA","TRD GANADERÍA","TRD CONCENTRADOS","TRD MAYORES"
"TBT13T58603","TRD FERRETERIA","TRD GANADERÍA","TRD CONCENTRADOS","TRD MENORES"
"TBT13TF6811","TRD FERRETERIA","TRD GANADERÍA","TRD TALABARTERÍA","TRD TALABARTERÍA"
"TBT15T08103","TRD FERRETERIA","TRD HERRAMIENTAS ELÉCTRICAS","TRD ACCESORIOS Y REPUESTOS","TRD ACCESORIOS"
"TBT15T08121","TRD FERRETERIA","TRD HERRAMIENTAS ELÉCTRICAS","TRD ACCESORIOS Y REPUESTOS","TRD ADAPTADORES"
"TBT15T08223","TRD FERRETERIA","TRD HERRAMIENTAS ELÉCTRICAS","TRD ACCESORIOS Y REPUESTOS","TRD BROCAS PARA MADERA"
"TBT15T08224","TRD FERRETERIA","TRD HERRAMIENTAS ELÉCTRICAS","TRD ACCESORIOS Y REPUESTOS","TRD BROCAS PARA METAL"
"TBT15T08225","TRD FERRETERIA","TRD HERRAMIENTAS ELÉCTRICAS","TRD ACCESORIOS Y REPUESTOS","TRD BROCAS PARA PARA CONCRETO"
"TBT15T08255","TRD FERRETERIA","TRD HERRAMIENTAS ELÉCTRICAS","TRD ACCESORIOS Y REPUESTOS","TRD CARBONES PARA HERRAMIENTA ELÉCTRICA"
"TBT15T08257","TRD FERRETERIA","TRD HERRAMIENTAS ELÉCTRICAS","TRD ACCESORIOS Y REPUESTOS","TRD CARGADORES DE BATERÍAS"
"TBT15T08271","TRD FERRETERIA","TRD HERRAMIENTAS ELÉCTRICAS","TRD ACCESORIOS Y REPUESTOS","TRD CEPILLOS"
"TBT15T08343","TRD FERRETERIA","TRD HERRAMIENTAS ELÉCTRICAS","TRD ACCESORIOS Y REPUESTOS","TRD CUCHILLAS PARA CEPILLO ELÉCTRICO"
"TBT15T08377","TRD FERRETERIA","TRD HERRAMIENTAS ELÉCTRICAS","TRD ACCESORIOS Y REPUESTOS","TRD DISCOS DE ESMERIL"
"TBT15T08576","TRD FERRETERIA","TRD HERRAMIENTAS ELÉCTRICAS","TRD ACCESORIOS Y REPUESTOS","TRD MANDRILES"
"TBT15T08635","TRD FERRETERIA","TRD HERRAMIENTAS ELÉCTRICAS","TRD ACCESORIOS Y REPUESTOS","TRD OTROS DISCOS"
"TBT15T84177","TRD FERRETERIA","TRD HERRAMIENTAS ELÉCTRICAS","TRD HERRAMIENTAS ELÉCTRICAS","TRD ATORNILLADORES"
"TBT15T84245","TRD FERRETERIA","TRD HERRAMIENTAS ELÉCTRICAS","TRD HERRAMIENTAS ELÉCTRICAS","TRD CALADORA"
"TBT15T84263","TRD FERRETERIA","TRD HERRAMIENTAS ELÉCTRICAS","TRD HERRAMIENTAS ELÉCTRICAS","TRD CAUTÍN"
"TBT15T84273","TRD FERRETERIA","TRD HERRAMIENTAS ELÉCTRICAS","TRD HERRAMIENTAS ELÉCTRICAS","TRD CEPILLOS ELÉCTRICOS"
"TBT15T84289","TRD FERRETERIA","TRD HERRAMIENTAS ELÉCTRICAS","TRD HERRAMIENTAS ELÉCTRICAS","TRD CLAVADORA"
"TBT15T84324","TRD FERRETERIA","TRD HERRAMIENTAS ELÉCTRICAS","TRD HERRAMIENTAS ELÉCTRICAS","TRD CORTADORAS"
"TBT15T84406","TRD FERRETERIA","TRD HERRAMIENTAS ELÉCTRICAS","TRD HERRAMIENTAS ELÉCTRICAS","TRD ESMERILADORA"
"TBT15T84464","TRD FERRETERIA","TRD HERRAMIENTAS ELÉCTRICAS","TRD HERRAMIENTAS ELÉCTRICAS","TRD FRESADORAS"
"TBT15T84551","TRD FERRETERIA","TRD HERRAMIENTAS ELÉCTRICAS","TRD HERRAMIENTAS ELÉCTRICAS","TRD LIJADORAS"
"TBT15T84656","TRD FERRETERIA","TRD HERRAMIENTAS ELÉCTRICAS","TRD HERRAMIENTAS ELÉCTRICAS","TRD PERCUTOR"
"TBT15T84729","TRD FERRETERIA","TRD HERRAMIENTAS ELÉCTRICAS","TRD HERRAMIENTAS ELÉCTRICAS","TRD PULIDORAS"
"TBT15T84758","TRD FERRETERIA","TRD HERRAMIENTAS ELÉCTRICAS","TRD HERRAMIENTAS ELÉCTRICAS","TRD ROTO-MARTILLOS"
"TBT15T84760","TRD FERRETERIA","TRD HERRAMIENTAS ELÉCTRICAS","TRD HERRAMIENTAS ELÉCTRICAS","TRD ROUTERS"
"TBT15T84774","TRD FERRETERIA","TRD HERRAMIENTAS ELÉCTRICAS","TRD HERRAMIENTAS ELÉCTRICAS","TRD SIERRA CINTA"
"TBT15T84775","TRD FERRETERIA","TRD HERRAMIENTAS ELÉCTRICAS","TRD HERRAMIENTAS ELÉCTRICAS","TRD SIERRA CIRCULAR"
"TBT15T84776","TRD FERRETERIA","TRD HERRAMIENTAS ELÉCTRICAS","TRD HERRAMIENTAS ELÉCTRICAS","TRD SIERRA DE BANCO"
"TBT15T84777","TRD FERRETERIA","TRD HERRAMIENTAS ELÉCTRICAS","TRD HERRAMIENTAS ELÉCTRICAS","TRD SIERRA DE INGLETE"
"TBT15T84778","TRD FERRETERIA","TRD HERRAMIENTAS ELÉCTRICAS","TRD HERRAMIENTAS ELÉCTRICAS","TRD SIERRA JUNTAS"
"TBT15T84780","TRD FERRETERIA","TRD HERRAMIENTAS ELÉCTRICAS","TRD HERRAMIENTAS ELÉCTRICAS","TRD SIERRA RADIAL"
"TBT15T84781","TRD FERRETERIA","TRD HERRAMIENTAS ELÉCTRICAS","TRD HERRAMIENTAS ELÉCTRICAS","TRD SIERRA RECÍPROCA"
"TBT15T84782","TRD FERRETERIA","TRD HERRAMIENTAS ELÉCTRICAS","TRD HERRAMIENTAS ELÉCTRICAS","TRD SIERRA ROTATIVA"
"TBT15T84783","TRD FERRETERIA","TRD HERRAMIENTAS ELÉCTRICAS","TRD HERRAMIENTAS ELÉCTRICAS","TRD SIERRA SABLE"
"TBT15T84784","TRD FERRETERIA","TRD HERRAMIENTAS ELÉCTRICAS","TRD HERRAMIENTAS ELÉCTRICAS","TRD SIERRAMESA"
"TBT15T84785","TRD FERRETERIA","TRD HERRAMIENTAS ELÉCTRICAS","TRD HERRAMIENTAS ELÉCTRICAS","TRD SIERRAS"
"TBT15T84797","TRD FERRETERIA","TRD HERRAMIENTAS ELÉCTRICAS","TRD HERRAMIENTAS ELÉCTRICAS","TRD SOPLADORAS"
"TBT15T84812","TRD FERRETERIA","TRD HERRAMIENTAS ELÉCTRICAS","TRD HERRAMIENTAS ELÉCTRICAS","TRD TALADROS"
"TBT15T84861","TRD FERRETERIA","TRD HERRAMIENTAS ELÉCTRICAS","TRD HERRAMIENTAS ELÉCTRICAS","TRD TRONZADORA"
"TBT16T17258","TRD FERRETERIA","TRD HERRAMIENTAS MANUALES","TRD ALBAÑILERÍA","TRD CARRETILLAS"
"TBT16T17281","TRD FERRETERIA","TRD HERRAMIENTAS MANUALES","TRD ALBAÑILERÍA","TRD CINCELES"
"TBT16T17325","TRD FERRETERIA","TRD HERRAMIENTAS MANUALES","TRD ALBAÑILERÍA","TRD CORTADORAS DE AZULEJO Y ACCESORIOS"
"TBT16T17335","TRD FERRETERIA","TRD HERRAMIENTAS MANUALES","TRD ALBAÑILERÍA","TRD CUBETAS"
"TBT16T17341","TRD FERRETERIA","TRD HERRAMIENTAS MANUALES","TRD ALBAÑILERÍA","TRD CUCHARAS"
"TBT16T17409","TRD FERRETERIA","TRD HERRAMIENTAS MANUALES","TRD ALBAÑILERÍA","TRD ESPÁTULAS"
"TBT16T17557","TRD FERRETERIA","TRD HERRAMIENTAS MANUALES","TRD ALBAÑILERÍA","TRD LLANETAS"
"TBT16T17579","TRD FERRETERIA","TRD HERRAMIENTAS MANUALES","TRD ALBAÑILERÍA","TRD MANGUERAS DE NIVEL"
"TBT16T17598","TRD FERRETERIA","TRD HERRAMIENTAS MANUALES","TRD ALBAÑILERÍA","TRD MAZOS"
"TBT16T17678","TRD FERRETERIA","TRD HERRAMIENTAS MANUALES","TRD ALBAÑILERÍA","TRD PIQUETA"
"TBT16T17699","TRD FERRETERIA","TRD HERRAMIENTAS MANUALES","TRD ALBAÑILERÍA","TRD MAZOS DE GOMA"
"TBT16T17799","TRD FERRETERIA","TRD HERRAMIENTAS MANUALES","TRD ALBAÑILERÍA","TRD PLOMADA"
"TBT16T43271","TRD FERRETERIA","TRD HERRAMIENTAS MANUALES","TRD CARPINTERÍA","TRD CEPILLOS"
"TBT16T43299","TRD FERRETERIA","TRD HERRAMIENTAS MANUALES","TRD CARPINTERÍA","TRD BERBIQUÍ / BARRENO"
"TBT16T43393","TRD FERRETERIA","TRD HERRAMIENTAS MANUALES","TRD CARPINTERÍA","TRD ENGRAPADORAS"
"TBT16T43403","TRD FERRETERIA","TRD HERRAMIENTAS MANUALES","TRD CARPINTERÍA","TRD ESCUADRAS"
"TBT16T43454","TRD FERRETERIA","TRD HERRAMIENTAS MANUALES","TRD CARPINTERÍA","TRD FORMONES"
"TBT16T43592","TRD FERRETERIA","TRD HERRAMIENTAS MANUALES","TRD CARPINTERÍA","TRD MARTILLOS"
"TBT16T43648","TRD FERRETERIA","TRD HERRAMIENTAS MANUALES","TRD CARPINTERÍA","TRD PATA CHANCHO"
"TBT16T43676","TRD FERRETERIA","TRD HERRAMIENTAS MANUALES","TRD CARPINTERÍA","TRD PINZAS"
"TBT16T43682","TRD FERRETERIA","TRD HERRAMIENTAS MANUALES","TRD CARPINTERÍA","TRD PISTOLAS SILICONE"
"TBT16T43716","TRD FERRETERIA","TRD HERRAMIENTAS MANUALES","TRD CARPINTERÍA","TRD PRENSAS"
"TBT16T43717","TRD FERRETERIA","TRD HERRAMIENTAS MANUALES","TRD CARPINTERÍA","TRD PRENSAS HIDRÁULICAS"
"TBT16T43730","TRD FERRETERIA","TRD HERRAMIENTAS MANUALES","TRD CARPINTERÍA","TRD PUNZONES"
"TBT16T43772","TRD FERRETERIA","TRD HERRAMIENTAS MANUALES","TRD CARPINTERÍA","TRD SERRUCHOS"
"TBT16T61272","TRD FERRETERIA","TRD HERRAMIENTAS MANUALES","TRD CORTE Y TERMINACIÓN","TRD CEPILLOS ACERO"
"TBT16T61288","TRD FERRETERIA","TRD HERRAMIENTAS MANUALES","TRD CORTE Y TERMINACIÓN","TRD CIZALLAS"
"TBT16T61324","TRD FERRETERIA","TRD HERRAMIENTAS MANUALES","TRD CORTE Y TERMINACIÓN","TRD CORTADORAS"
"TBT16T61342","TRD FERRETERIA","TRD HERRAMIENTAS MANUALES","TRD CORTE Y TERMINACIÓN","TRD CUCHILLAS"
"TBT16T61349","TRD FERRETERIA","TRD HERRAMIENTAS MANUALES","TRD CORTE Y TERMINACIÓN","TRD CUTTERS"
"TBT16T61490","TRD FERRETERIA","TRD HERRAMIENTAS MANUALES","TRD CORTE Y TERMINACIÓN","TRD GUILLOTINAS"
"TBT16T61552","TRD FERRETERIA","TRD HERRAMIENTAS MANUALES","TRD CORTE Y TERMINACIÓN","TRD LIMAS"
"TBT16T61743","TRD FERRETERIA","TRD HERRAMIENTAS MANUALES","TRD CORTE Y TERMINACIÓN","TRD REMACHADORAS"
"TBT16T61766","TRD FERRETERIA","TRD HERRAMIENTAS MANUALES","TRD CORTE Y TERMINACIÓN","TRD SEGUETA"
"TBT16T61798","TRD FERRETERIA","TRD HERRAMIENTAS MANUALES","TRD CORTE Y TERMINACIÓN","TRD SOPLETES"
"TBT16T61835","TRD FERRETERIA","TRD HERRAMIENTAS MANUALES","TRD CORTE Y TERMINACIÓN","TRD TENAZAS"
"TBT16T61842","TRD FERRETERIA","TRD HERRAMIENTAS MANUALES","TRD CORTE Y TERMINACIÓN","TRD TIJERAS"
"TBT16T64139","TRD FERRETERIA","TRD HERRAMIENTAS MANUALES","TRD DE AJUSTE","TRD ALICATES"
"TBT16T64562","TRD FERRETERIA","TRD HERRAMIENTAS MANUALES","TRD DE AJUSTE","TRD LLAVES CAÑERÍA"
"TBT16T64563","TRD FERRETERIA","TRD HERRAMIENTAS MANUALES","TRD DE AJUSTE","TRD LLAVES FRANCESAS"
"TBT16T92180","TRD FERRETERIA","TRD HERRAMIENTAS MANUALES","TRD JARDÍN","TRD AZADÓN PARA JARDÍN"
"TBT16T92568","TRD FERRETERIA","TRD HERRAMIENTAS MANUALES","TRD JARDÍN","TRD MACHETES"
"TBT16T92636","TRD FERRETERIA","TRD HERRAMIENTAS MANUALES","TRD JARDÍN","TRD PALAS PARA JARDÍN"
"TBT16T92734","TRD FERRETERIA","TRD HERRAMIENTAS MANUALES","TRD JARDÍN","TRD RASTRILLO PARA JARDÍN"
"TBT16T92735","TRD FERRETERIA","TRD HERRAMIENTAS MANUALES","TRD JARDÍN","TRD RECOLECTOR DE FRUTAS"
"TBT16T92771","TRD FERRETERIA","TRD HERRAMIENTAS MANUALES","TRD JARDÍN","TRD SERRUCHO PARA PODAR"
"TBT16T92843","TRD FERRETERIA","TRD HERRAMIENTAS MANUALES","TRD JARDÍN","TRD TIJERAS PARA JARDÍN"
"TBT16TA9284","TRD FERRETERIA","TRD HERRAMIENTAS MANUALES","TRD MEDICIÓN Y TRAZO","TRD CINTAS MÉTRICAS"
"TBT16TA9587","TRD FERRETERIA","TRD HERRAMIENTAS MANUALES","TRD MEDICIÓN Y TRAZO","TRD MARCADORES"
"TBT16TA9624","TRD FERRETERIA","TRD HERRAMIENTAS MANUALES","TRD MEDICIÓN Y TRAZO","TRD NIVELES"
"TBT16TE3745","TRD FERRETERIA","TRD HERRAMIENTAS MANUALES","TRD REPUESTOS HERRAMIENTA MANUAL","TRD REPUESTOS"
"TBT16TL3947","TRD FERRETERIA","TRD HERRAMIENTAS MANUALES","TRD ELECTRICISTA","TRD HTAS VARIAS"
"TBT16TL6938","TRD FERRETERIA","TRD HERRAMIENTAS MANUALES","TRD JUEGOS/COMBOS","TRD JUEGOS/COMBOS"
"TBT16T64941","TRD FERRETERIA","TRD HERRAMIENTAS MANUALES","TRD DE AJUSTE","TRD DESTORNILLADORES"
"TBT17T02549","TRD FERRETERIA","TRD HERRERÍA Y HERRAJES","TRD ABRASIVOS","TRD LIJA DE AGUA"
"TBT17T02550","TRD FERRETERIA","TRD HERRERÍA Y HERRAJES","TRD ABRASIVOS","TRD LIJA DE MADERA"
"TBT17T82138","TRD FERRETERIA","TRD HERRERÍA Y HERRAJES","TRD HERRAJES","TRD ALDABAS"
"TBT17T82204","TRD FERRETERIA","TRD HERRERÍA Y HERRAJES","TRD HERRAJES","TRD BISAGRAS"
"TBT17T82220","TRD FERRETERIA","TRD HERRERÍA Y HERRAJES","TRD HERRAJES","TRD BRAZOS Y SOPORTE"
"TBT17T82371","TRD FERRETERIA","TRD HERRERÍA Y HERRAJES","TRD HERRAJES","TRD DESLIZADORES"
"TBT17T82403","TRD FERRETERIA","TRD HERRERÍA Y HERRAJES","TRD HERRAJES","TRD ESCUADRAS"
"TBT17T82441","TRD FERRETERIA","TRD HERRERÍA Y HERRAJES","TRD HERRAJES","TRD FIGURAS PARA PORTON"
"TBT17T82447","TRD FERRETERIA","TRD HERRERÍA Y HERRAJES","TRD HERRAJES","TRD FLANGER"
"TBT17T82471","TRD FERRETERIA","TRD HERRERÍA Y HERRAJES","TRD HERRAJES","TRD GANCHOS"
"TBT17T82641","TRD FERRETERIA","TRD HERRERÍA Y HERRAJES","TRD HERRAJES","TRD PARA MUEBLES"
"TBT17T82752","TRD FERRETERIA","TRD HERRERÍA Y HERRAJES","TRD HERRAJES","TRD RIELES"
"TBT17T82836","TRD FERRETERIA","TRD HERRERÍA Y HERRAJES","TRD HERRAJES","TRD TENSORES"
"TBT17T82848","TRD FERRETERIA","TRD HERRERÍA Y HERRAJES","TRD HERRAJES","TRD TIRADERAS"
"TBT17T82853","TRD FERRETERIA","TRD HERRERÍA Y HERRAJES","TRD HERRAJES","TRD TOPE DE PUERTAS"
"TBT17TE5318","TRD FERRETERIA","TRD HERRERÍA Y HERRAJES","TRD RODAMIENTOS","TRD CONTACTO ANGULAR"
"TBT17TE5404","TRD FERRETERIA","TRD HERRERÍA Y HERRAJES","TRD RODAMIENTOS","TRD ESFÉRICOS"
"TBT17TE5643","TRD FERRETERIA","TRD HERRERÍA Y HERRAJES","TRD RODAMIENTOS","TRD PARA PORTÓN"
"TBT17TE5753","TRD FERRETERIA","TRD HERRERÍA Y HERRAJES","TRD RODAMIENTOS","TRD RODILLOS"
"TBT17TF2115","TRD FERRETERIA","TRD HERRERÍA Y HERRAJES","TRD SOLDADURA","TRD ACERO INOXIDABLE"
"TBT17TF2118","TRD FERRETERIA","TRD HERRERÍA Y HERRAJES","TRD SOLDADURA","TRD ÁCIDO"
"TBT17TF2133","TRD FERRETERIA","TRD HERRERÍA Y HERRAJES","TRD SOLDADURA","TRD ALAMBRE"
"TBT17TF2145","TRD FERRETERIA","TRD HERRERÍA Y HERRAJES","TRD SOLDADURA","TRD ALTA RESISTENCIA"
"TBT17TF2147","TRD FERRETERIA","TRD HERRERÍA Y HERRAJES","TRD SOLDADURA","TRD ALUMINIO"
"TBT17TF2228","TRD FERRETERIA","TRD HERRERÍA Y HERRAJES","TRD SOLDADURA","TRD BRONCE REVESTIDO"
"TBT17TF2256","TRD FERRETERIA","TRD HERRERÍA Y HERRAJES","TRD SOLDADURA","TRD CARETAS"
"TBT17TF2280","TRD FERRETERIA","TRD HERRERÍA Y HERRAJES","TRD SOLDADURA","TRD CHISPERO"
"TBT17TF2297","TRD FERRETERIA","TRD HERRERÍA Y HERRAJES","TRD SOLDADURA","TRD COBRE Y BRONCE"
"TBT17TF2326","TRD FERRETERIA","TRD HERRERÍA Y HERRAJES","TRD SOLDADURA","TRD CORTE Y BISELADO"
"TBT17TF2397","TRD FERRETERIA","TRD HERRERÍA Y HERRAJES","TRD SOLDADURA","TRD EPÓXICA"
"TBT17TF2414","TRD FERRETERIA","TRD HERRERÍA Y HERRAJES","TRD SOLDADURA","TRD ESTAÑO"
"TBT17TF2465","TRD FERRETERIA","TRD HERRERÍA Y HERRAJES","TRD SOLDADURA","TRD FRÍA"
"TBT17TF2611","TRD FERRETERIA","TRD HERRERÍA Y HERRAJES","TRD SOLDADURA","TRD MIG"
"TBT17TF2640","TRD FERRETERIA","TRD HERRERÍA Y HERRAJES","TRD SOLDADURA","TRD PARA HIERRO"
"TBT17TF2694","TRD FERRETERIA","TRD HERRERÍA Y HERRAJES","TRD SOLDADURA","TRD PLATA"
"TBT17TF2708","TRD FERRETERIA","TRD HERRERÍA Y HERRAJES","TRD SOLDADURA","TRD PORTA ELECTRODOS"
"TBT17TF2747","TRD FERRETERIA","TRD HERRERÍA Y HERRAJES","TRD SOLDADURA","TRD RESINA"
"TBT17TF2815","TRD FERRETERIA","TRD HERRERÍA Y HERRAJES","TRD SOLDADURA","TRD TANQUE DE OXIGENO"
"TBT17TF2817","TRD FERRETERIA","TRD HERRERÍA Y HERRAJES","TRD SOLDADURA","TRD TANQUE Y RADIADORES"
"TBT17TF2879","TRD FERRETERIA","TRD HERRERÍA Y HERRAJES","TRD SOLDADURA","TRD TUNGSTENO"
"TBT19T06455","TRD FERRETERIA","TRD ILUMINACIÓN Y ACCESORIOS","TRD ACCESORIOS DE ILUMINACIÓN","TRD FOTOCELDAS"
"TBT19T06686","TRD FERRETERIA","TRD ILUMINACIÓN Y ACCESORIOS","TRD ACCESORIOS DE ILUMINACIÓN","TRD PLAFONES"
"TBT19T06794","TRD FERRETERIA","TRD ILUMINACIÓN Y ACCESORIOS","TRD ACCESORIOS DE ILUMINACIÓN","TRD SOCKETS"
"TBT19T32130","TRD FERRETERIA","TRD ILUMINACIÓN Y ACCESORIOS","TRD BOMBILLOS Y REFLECTORES","TRD AHORRO DE ENERGÍA"
"TBT19T32305","TRD FERRETERIA","TRD ILUMINACIÓN Y ACCESORIOS","TRD BOMBILLOS Y REFLECTORES","TRD COMPACTOS"
"TBT19T32363","TRD FERRETERIA","TRD ILUMINACIÓN Y ACCESORIOS","TRD BOMBILLOS Y REFLECTORES","TRD DECORATIVAS"
"TBT19T32424","TRD FERRETERIA","TRD ILUMINACIÓN Y ACCESORIOS","TRD BOMBILLOS Y REFLECTORES","TRD EXTERIOR"
"TBT19T32451","TRD FERRETERIA","TRD ILUMINACIÓN Y ACCESORIOS","TRD BOMBILLOS Y REFLECTORES","TRD FLUORESCENTE"
"TBT19T32494","TRD FERRETERIA","TRD ILUMINACIÓN Y ACCESORIOS","TRD BOMBILLOS Y REFLECTORES","TRD HALÓGENAS"
"TBT19T32513","TRD FERRETERIA","TRD ILUMINACIÓN Y ACCESORIOS","TRD BOMBILLOS Y REFLECTORES","TRD INCANDESCENTE"
"TBT19T32514","TRD FERRETERIA","TRD ILUMINACIÓN Y ACCESORIOS","TRD BOMBILLOS Y REFLECTORES","TRD INDUSTRIALES"
"TBT19T32521","TRD FERRETERIA","TRD ILUMINACIÓN Y ACCESORIOS","TRD BOMBILLOS Y REFLECTORES","TRD INTERIOR"
"TBT19T32604","TRD FERRETERIA","TRD ILUMINACIÓN Y ACCESORIOS","TRD BOMBILLOS Y REFLECTORES","TRD MERCURIO"
"TBT19T32608","TRD FERRETERIA","TRD ILUMINACIÓN Y ACCESORIOS","TRD BOMBILLOS Y REFLECTORES","TRD METALARC"
"TBT19T55892","TRD FERRETERIA","TRD ILUMINACIÓN Y ACCESORIOS","TRD COMPLEMENTO ILUMINACIÓN","TRD VARIOS ILUMINACIÓN"
"TBT19T77205","TRD FERRETERIA","TRD ILUMINACIÓN Y ACCESORIOS","TRD FUSIBLES","TRD BLOQUES"
"TBT19T77336","TRD FERRETERIA","TRD ILUMINACIÓN Y ACCESORIOS","TRD FUSIBLES","TRD CUBIERTAS"
"TBT19T77468","TRD FERRETERIA","TRD ILUMINACIÓN Y ACCESORIOS","TRD FUSIBLES","TRD FUSIBLES"
"TBT19T77531","TRD FERRETERIA","TRD ILUMINACIÓN Y ACCESORIOS","TRD FUSIBLES","TRD KITS"
"TBT19T95195","TRD FERRETERIA","TRD ILUMINACIÓN Y ACCESORIOS","TRD LINTERNAS","TRD BATERÍAS"
"TBT19T95257","TRD FERRETERIA","TRD ILUMINACIÓN Y ACCESORIOS","TRD LINTERNAS","TRD CARGADORES DE BATERÍAS"
"TBT19T95321","TRD FERRETERIA","TRD ILUMINACIÓN Y ACCESORIOS","TRD LINTERNAS","TRD CONVENCIONALES"
"TBT19T95514","TRD FERRETERIA","TRD ILUMINACIÓN Y ACCESORIOS","TRD LINTERNAS","TRD INDUSTRIALES"
"TBT19TA1106","TRD FERRETERIA","TRD ILUMINACIÓN Y ACCESORIOS","TRD LUMINARIA INDUSTRIAL","TRD ACCESORIOS DE LÁMPARAS"
"TBT19TA1182","TRD FERRETERIA","TRD ILUMINACIÓN Y ACCESORIOS","TRD LUMINARIA INDUSTRIAL","TRD BALASTROS"
"TBT19TA1451","TRD FERRETERIA","TRD ILUMINACIÓN Y ACCESORIOS","TRD LUMINARIA INDUSTRIAL","TRD FLUORESCENTE"
"TBT19TA1510","TRD FERRETERIA","TRD ILUMINACIÓN Y ACCESORIOS","TRD LUMINARIA INDUSTRIAL","TRD ILUMINACIÓN EXTERIOR"
"TBT19TA1604","TRD FERRETERIA","TRD ILUMINACIÓN Y ACCESORIOS","TRD LUMINARIA INDUSTRIAL","TRD MERCURIO"
"TBT19TA1608","TRD FERRETERIA","TRD ILUMINACIÓN Y ACCESORIOS","TRD LUMINARIA INDUSTRIAL","TRD METALARC"
"TBT19TA1686","TRD FERRETERIA","TRD ILUMINACIÓN Y ACCESORIOS","TRD LUMINARIA INDUSTRIAL","TRD PLAFONES"
"TBT19TA1737","TRD FERRETERIA","TRD ILUMINACIÓN Y ACCESORIOS","TRD LUMINARIA INDUSTRIAL","TRD REFLECTORES"
"TBT19TA2160","TRD FERRETERIA","TRD ILUMINACIÓN Y ACCESORIOS","TRD LUMINARIA RESIDENCIAL","TRD ANTI-INSECTOS"
"TBT19TA2162","TRD FERRETERIA","TRD ILUMINACIÓN Y ACCESORIOS","TRD LUMINARIA RESIDENCIAL","TRD APLIQUES"
"TBT19TA2302","TRD FERRETERIA","TRD ILUMINACIÓN Y ACCESORIOS","TRD LUMINARIA RESIDENCIAL","TRD COLGANTES"
"TBT19TA2358","TRD FERRETERIA","TRD ILUMINACIÓN Y ACCESORIOS","TRD LUMINARIA RESIDENCIAL","TRD DE RIELES"
"TBT19TA2389","TRD FERRETERIA","TRD ILUMINACIÓN Y ACCESORIOS","TRD LUMINARIA RESIDENCIAL","TRD EMERGENCIA/PORTÁTILES"
"TBT19TA2391","TRD FERRETERIA","TRD ILUMINACIÓN Y ACCESORIOS","TRD LUMINARIA RESIDENCIAL","TRD EMPOTRADA"
"TBT19TA2431","TRD FERRETERIA","TRD ILUMINACIÓN Y ACCESORIOS","TRD LUMINARIA RESIDENCIAL","TRD FAROLES"
"TBT19TA2452","TRD FERRETERIA","TRD ILUMINACIÓN Y ACCESORIOS","TRD LUMINARIA RESIDENCIAL","TRD FLUORESCENTES"
"TBT19TA2495","TRD FERRETERIA","TRD ILUMINACIÓN Y ACCESORIOS","TRD LUMINARIA RESIDENCIAL","TRD HALÓGENOS"
"TBT19TA2524","TRD FERRETERIA","TRD ILUMINACIÓN Y ACCESORIOS","TRD LUMINARIA RESIDENCIAL","TRD JARDIN - BAJO VOLTAJE"
"TBT19TA2606","TRD FERRETERIA","TRD ILUMINACIÓN Y ACCESORIOS","TRD LUMINARIA RESIDENCIAL","TRD MESA Y ESCRITORIO"
"TBT19TA2644","TRD FERRETERIA","TRD ILUMINACIÓN Y ACCESORIOS","TRD LUMINARIA RESIDENCIAL","TRD PARED"
"TBT19TA2686","TRD FERRETERIA","TRD ILUMINACIÓN Y ACCESORIOS","TRD LUMINARIA RESIDENCIAL","TRD PLAFONES"
"TBT19TA2711","TRD FERRETERIA","TRD ILUMINACIÓN Y ACCESORIOS","TRD LUMINARIA RESIDENCIAL","TRD PORTÁTILES"
"TBT19TI8108","TRD FERRETERIA","TRD ILUMINACIÓN Y ACCESORIOS","TRD VENTILADORES","TRD ACCESORIOS DE VENTILADORES"
"TBT19TI8355","TRD FERRETERIA","TRD ILUMINACIÓN Y ACCESORIOS","TRD VENTILADORES","TRD DE PIE"
"TBT19TI8605","TRD FERRETERIA","TRD ILUMINACIÓN Y ACCESORIOS","TRD VENTILADORES","TRD MESA"
"TBT19TI8644","TRD FERRETERIA","TRD ILUMINACIÓN Y ACCESORIOS","TRD VENTILADORES","TRD PARED"
"TBT19TI8825","TRD FERRETERIA","TRD ILUMINACIÓN Y ACCESORIOS","TRD VENTILADORES","TRD TECHOS"
"TBT20T60170","TRD FERRETERIA","TRD INDUSTRIAL","TRD CONTROL","TRD ARRANCADORES"
"TBT20T60883","TRD FERRETERIA","TRD INDUSTRIAL","TRD CONTROL","TRD VARIADORES DE FRECUENCIA"
"TBT20T60897","TRD FERRETERIA","TRD INDUSTRIAL","TRD CONTROL","TRD VECTORES"
"TBT20T69498","TRD FERRETERIA","TRD INDUSTRIAL","TRD EQUIPO DE MONITOREO","TRD HERRAMIENTAS PREDICTIVAS"
"TBT20T99445","TRD FERRETERIA","TRD INDUSTRIAL","TRD LUBRICACIÓN INDUSTRIAL","TRD FILTROS INDUSTRIALES"
"TBT20T99566","TRD FERRETERIA","TRD INDUSTRIAL","TRD LUBRICACIÓN INDUSTRIAL","TRD LUBRICANTES INDUSTRIALES"
"TBT20TG8120","TRD FERRETERIA","TRD INDUSTRIAL","TRD TRANSMISIÓN DE POTENCIA","TRD ACOPLES INDUSTRIALES"
"TBT20TG8234","TRD FERRETERIA","TRD INDUSTRIAL","TRD TRANSMISIÓN DE POTENCIA","TRD CADENAS INDUSTRIALES"
"TBT20TG8430","TRD FERRETERIA","TRD INDUSTRIAL","TRD TRANSMISIÓN DE POTENCIA","TRD FAJAS INDUSTRIALES"
"TBT20TG8519","TRD FERRETERIA","TRD INDUSTRIAL","TRD TRANSMISIÓN DE POTENCIA","TRD INSTRUMENTACIÓN"
"TBT20TG8580","TRD FERRETERIA","TRD INDUSTRIAL","TRD TRANSMISIÓN DE POTENCIA","TRD MANGUERAS INDUSTRIALES"
"TBT20TG8634","TRD FERRETERIA","TRD INDUSTRIAL","TRD TRANSMISIÓN DE POTENCIA","TRD OTROS"
"TBT20TG8677","TRD FERRETERIA","TRD INDUSTRIAL","TRD TRANSMISIÓN DE POTENCIA","TRD PIÑONES"
"TBT20TG8701","TRD FERRETERIA","TRD INDUSTRIAL","TRD TRANSMISIÓN DE POTENCIA","TRD POLEAS"
"TBT21T03103","TRD FERRETERIA","TRD JARDÍN","TRD ACCESORIOS","TRD ACCESORIOS"
"TBT21T03488","TRD FERRETERIA","TRD JARDÍN","TRD ACCESORIOS","TRD GUANTES"
"TBT21T03901","TRD FERRETERIA","TRD JARDÍN","TRD ACCESORIOS","TRD VESTIMENTA"
"TBT21T31210","TRD FERRETERIA","TRD JARDÍN","TRD BOMBAS DE FUMIGACIÓN","TRD BOMBA DE FUMIGACIÓN CONVENCIONAL"
"TBT21T31211","TRD FERRETERIA","TRD JARDÍN","TRD BOMBAS DE FUMIGACIÓN","TRD BOMBA DE FUMIGACIÓN DE MOCHILA"
"TBT21T65415","TRD FERRETERIA","TRD JARDÍN","TRD DECORACIÓN","TRD ESTATUAS"
"TBT21T65466","TRD FERRETERIA","TRD JARDÍN","TRD DECORACIÓN","TRD FUENTES"
"TBT21T65567","TRD FERRETERIA","TRD JARDÍN","TRD DECORACIÓN","TRD MACETAS"
"TBT21T65667","TRD FERRETERIA","TRD JARDÍN","TRD DECORACIÓN","TRD PIEDRAS DECORATIVAS"
"TBT21T65727","TRD FERRETERIA","TRD JARDÍN","TRD DECORACIÓN","TRD PROTECTORES DE SOL"
"TBT21T89517","TRD FERRETERIA","TRD JARDÍN","TRD INSECTICIDAS","TRD INSECTICIDAS PARA CASA Y JARDIN"
"TBT21T91175","TRD FERRETERIA","TRD JARDÍN","TRD IRRIGACIÓN","TRD ASPERSORES"
"TBT21T91212","TRD FERRETERIA","TRD JARDÍN","TRD IRRIGACIÓN","TRD BOMBAS DE RIEGO"
"TBT21T91578","TRD FERRETERIA","TRD JARDÍN","TRD IRRIGACIÓN","TRD MANGUERAS"
"TBT21T91683","TRD FERRETERIA","TRD JARDÍN","TRD IRRIGACIÓN","TRD PISTOLAS Y ACCESORIOS"
"TBT21T91709","TRD FERRETERIA","TRD JARDÍN","TRD IRRIGACIÓN","TRD PORTA MANGUERAS"
"TBT21TC7161","TRD FERRETERIA","TRD JARDÍN","TRD PLANTAS","TRD ANUALES"
"TBT21TC7165","TRD FERRETERIA","TRD JARDÍN","TRD PLANTAS","TRD ARBUSTOS"
"TBT21TC7229","TRD FERRETERIA","TRD JARDÍN","TRD PLANTAS","TRD BULBOS"
"TBT21TC7278","TRD FERRETERIA","TRD JARDÍN","TRD PLANTAS","TRD CÉSPED"
"TBT21TC7340","TRD FERRETERIA","TRD JARDÍN","TRD PLANTAS","TRD CUBRE SUELO"
"TBT21TC7449","TRD FERRETERIA","TRD JARDÍN","TRD PLANTAS","TRD FLORES"
"TBT21TC7622","TRD FERRETERIA","TRD JARDÍN","TRD PLANTAS","TRD NAVIDAD"
"TBT21TC7657","TRD FERRETERIA","TRD JARDÍN","TRD PLANTAS","TRD PERENNES"
"TBT21TC7688","TRD FERRETERIA","TRD JARDÍN","TRD PLANTAS","TRD PLANTAS"
"TBT21TC7768","TRD FERRETERIA","TRD JARDÍN","TRD PLANTAS","TRD SEMILLAS"
"TBT21TC7862","TRD FERRETERIA","TRD JARDÍN","TRD PLANTAS","TRD TROPICALES"
"TBT24T26176","TRD FERRETERIA","TRD MAQUINARIA Y EQUIPOS","TRD ASPIRADORAS","TRD ASPIRADORAS"
"TBT24T57103","TRD FERRETERIA","TRD MAQUINARIA Y EQUIPOS","TRD COMPRESORES Y ACCESORIOS","TRD ACCESORIOS"
"TBT24T57308","TRD FERRETERIA","TRD MAQUINARIA Y EQUIPOS","TRD COMPRESORES Y ACCESORIOS","TRD COMPRESORES"
"TBT24T78194","TRD FERRETERIA","TRD MAQUINARIA Y EQUIPOS","TRD GENERADORES","TRD BATERÍA"
"TBT24T78374","TRD FERRETERIA","TRD MAQUINARIA Y EQUIPOS","TRD GENERADORES","TRD DIESEL"
"TBT24T78473","TRD FERRETERIA","TRD MAQUINARIA Y EQUIPOS","TRD GENERADORES","TRD GASOLINA"
"TBT24T85502","TRD FERRETERIA","TRD MAQUINARIA Y EQUIPOS","TRD HIDROLAVADORAS","TRD HIDROLAVADORAS"
"TBT24TA5584","TRD FERRETERIA","TRD MAQUINARIA Y EQUIPOS","TRD MÁQUINA DE SOLDAR","TRD MÁQUINA DE SOLDAR"
"TBT24TA5611","TRD FERRETERIA","TRD MAQUINARIA Y EQUIPOS","TRD MÁQUINA DE SOLDAR","TRD MIG"
"TBT24TB1609","TRD FERRETERIA","TRD MAQUINARIA Y EQUIPOS","TRD MEZCLADORAS","TRD MEZCLADORAS"
"TBT24TD2323","TRD FERRETERIA","TRD MAQUINARIA Y EQUIPOS","TRD PODADORAS","TRD CORTABORDES"
"TBT24TD2352","TRD FERRETERIA","TRD MAQUINARIA Y EQUIPOS","TRD PODADORAS","TRD DE HILO"
"TBT24TD2360","TRD FERRETERIA","TRD MAQUINARIA Y EQUIPOS","TRD PODADORAS","TRD DE TRACTOR"
"TBT24TD2618","TRD FERRETERIA","TRD MAQUINARIA Y EQUIPOS","TRD PODADORAS","TRD MOTOSIERRA"
"TBT24TG1826","TRD FERRETERIA","TRD MAQUINARIA Y EQUIPOS","TRD TECLES","TRD TECLES"
"TBT24TG7855","TRD FERRETERIA","TRD MAQUINARIA Y EQUIPOS","TRD TORNOS","TRD TORNOS"
"TBT24TH2860","TRD FERRETERIA","TRD MAQUINARIA Y EQUIPOS","TRD TROMPOS","TRD TROMPOS"
"TBT27T04111","TRD FERRETERIA","TRD PLOMERÍA","TRD ACCESORIOS DE PLOMERÍA","TRD ACCESORIOS VARIOS"
"TBT27T04119","TRD FERRETERIA","TRD PLOMERÍA","TRD ACCESORIOS DE PLOMERÍA","TRD ACOPLES"
"TBT27T04174","TRD FERRETERIA","TRD PLOMERÍA","TRD ACCESORIOS DE PLOMERÍA","TRD ASPERSIONES"
"TBT27T04390","TRD FERRETERIA","TRD PLOMERÍA","TRD ACCESORIOS DE PLOMERÍA","TRD EMPAQUES"
"TBT27T04422","TRD FERRETERIA","TRD PLOMERÍA","TRD ACCESORIOS DE PLOMERÍA","TRD EXTENSIONES"
"TBT27T66367","TRD FERRETERIA","TRD PLOMERÍA","TRD DESAGÜE","TRD DESAGÜE"
"TBT27T66368","TRD FERRETERIA","TRD PLOMERÍA","TRD DESAGÜE","TRD DESATORNILLADORES"
"TBT27T74128","TRD FERRETERIA","TRD PLOMERÍA","TRD FILTROS DE AGUA","TRD AGUA"
"TBT27T74745","TRD FERRETERIA","TRD PLOMERÍA","TRD FILTROS DE AGUA","TRD REPUESTOS"
"TBT27TB3140","TRD FERRETERIA","TRD PLOMERÍA","TRD MOTORES Y BOMBAS","TRD ALIMENTICIOS"
"TBT27TB3542","TRD FERRETERIA","TRD PLOMERÍA","TRD MOTORES Y BOMBAS","TRD LAVABLES"
"TBT27TB3725","TRD FERRETERIA","TRD PLOMERÍA","TRD MOTORES Y BOMBAS","TRD PROPÓSITO GENERAL"
"TBT27TB3818","TRD FERRETERIA","TRD PLOMERÍA","TRD MOTORES Y BOMBAS","TRD TANQUES"
"TBT27TB6623","TRD FERRETERIA","TRD PLOMERÍA","TRD NIPLES","TRD NIPLES"
"TBT27TD8554","TRD FERRETERIA","TRD PLOMERÍA","TRD QUÍMICOS PARA DESTAPAR","TRD LÍQUIDOS"
"TBT27TD8705","TRD FERRETERIA","TRD PLOMERÍA","TRD QUÍMICOS PARA DESTAPAR","TRD POLVO"
"TBT27TE2169","TRD FERRETERIA","TRD PLOMERÍA","TRD REPUESTOS DE PLOMERÍA","TRD AROS DE CERA"
"TBT27TE2188","TRD FERRETERIA","TRD PLOMERÍA","TRD REPUESTOS DE PLOMERÍA","TRD BAÑO"
"TBT27TE2746","TRD FERRETERIA","TRD PLOMERÍA","TRD REPUESTOS DE PLOMERÍA","TRD REPUESTOS VARIAS"
"TBT27TE2748","TRD FERRETERIA","TRD PLOMERÍA","TRD REPUESTOS DE PLOMERÍA","TRD RESISTENCIAS"
"TBT27TE8786","TRD FERRETERIA","TRD PLOMERÍA","TRD SIFONES","TRD SIFONES"
"TBT27TG2827","TRD FERRETERIA","TRD PLOMERÍA","TRD TEFLÓN","TRD TEFLÓN"
"TBT27TH1859","TRD FERRETERIA","TRD PLOMERÍA","TRD TRITURADORES","TRD TRITURADORES"
"TBT27TH8876","TRD FERRETERIA","TRD PLOMERÍA","TRD TUBOS DE ABASTO","TRD TUBOS DE ABASTO"
"TBT27TI1309","TRD FERRETERIA","TRD PLOMERÍA","TRD VÁLVULAS","TRD COMPUERTA"
"TBT27TI1328","TRD FERRETERIA","TRD PLOMERÍA","TRD VÁLVULAS","TRD CPVC"
"TBT27TI1351","TRD FERRETERIA","TRD PLOMERÍA","TRD VÁLVULAS","TRD DE GLOBO"
"TBT27TI1369","TRD FERRETERIA","TRD PLOMERÍA","TRD VÁLVULAS","TRD DESCARGA"
"TBT27TI1394","TRD FERRETERIA","TRD PLOMERÍA","TRD VÁLVULAS","TRD ENTRADA"
"TBT27TI1443","TRD FERRETERIA","TRD PLOMERÍA","TRD VÁLVULAS","TRD FILPRO"
"TBT27TI1450","TRD FERRETERIA","TRD PLOMERÍA","TRD VÁLVULAS","TRD FLUIDMASTER"
"TBT27TI1731","TRD FERRETERIA","TRD PLOMERÍA","TRD VÁLVULAS","TRD PVC"
"TBT27TI1741","TRD FERRETERIA","TRD PLOMERÍA","TRD VÁLVULAS","TRD REGULADORA"
"TBT27TI1763","TRD FERRETERIA","TRD PLOMERÍA","TRD VÁLVULAS","TRD SALIDA"
"TBT27TI1767","TRD FERRETERIA","TRD PLOMERÍA","TRD VÁLVULAS","TRD SEGURIDAD"
"TBT27TI3895","TRD FERRETERIA","TRD PLOMERÍA","TRD VARIOS PLOMERÍA","TRD VARIOS PLOMERÍA"
"TBT27TI7428","TRD FERRETERIA","TRD PLOMERÍA","TRD VENTILACIÓN","TRD EXTRACTORES"
"TBT27TI7742","TRD FERRETERIA","TRD PLOMERÍA","TRD VENTILACIÓN","TRD REJILLAS"
"TBT30T24103","TRD FERRETERIA","TRD RECREACIÓN","TRD ARMERÍA","TRD ACCESORIOS"
"TBT30T24621","TRD FERRETERIA","TRD RECREACIÓN","TRD ARMERÍA","TRD MUNICIONES"
"TBT30T24681","TRD FERRETERIA","TRD RECREACIÓN","TRD ARMERÍA","TRD PISTOLAS"
"TBT30T88202","TRD FERRETERIA","TRD RECREACIÓN","TRD IMPLEMENTOS DEPORTIVOS","TRD BICICLETAS"
"TBT30T88585","TRD FERRETERIA","TRD RECREACIÓN","TRD IMPLEMENTOS DEPORTIVOS","TRD MÁQUINAS EJERCITADORAS"
"TBT30T88663","TRD FERRETERIA","TRD RECREACIÓN","TRD IMPLEMENTOS DEPORTIVOS","TRD PESCA"
"TBT31TD6156","TRD FERRETERIA","TRD SEGURIDAD Y PROTECCIÓN","TRD PROTECCIÓN","TRD ANTEOJOS"
"TBT31TD6159","TRD FERRETERIA","TRD SEGURIDAD Y PROTECCIÓN","TRD PROTECCIÓN","TRD ANTIDESLIZANTES"
"TBT31TD6168","TRD FERRETERIA","TRD SEGURIDAD Y PROTECCIÓN","TRD PROTECCIÓN","TRD ARNÉS"
"TBT31TD6217","TRD FERRETERIA","TRD SEGURIDAD Y PROTECCIÓN","TRD PROTECCIÓN","TRD BOTAS DE HULE"
"TBT31TD6253","TRD FERRETERIA","TRD SEGURIDAD Y PROTECCIÓN","TRD PROTECCIÓN","TRD CAPAS"
"TBT31TD6262","TRD FERRETERIA","TRD SEGURIDAD Y PROTECCIÓN","TRD PROTECCIÓN","TRD CASCOS"
"TBT31TD6279","TRD FERRETERIA","TRD SEGURIDAD Y PROTECCIÓN","TRD PROTECCIÓN","TRD CHALECOS"
"TBT31TD6283","TRD FERRETERIA","TRD SEGURIDAD Y PROTECCIÓN","TRD PROTECCIÓN","TRD CINTA ""PRECAUCIÓN"""
"TBT31TD6286","TRD FERRETERIA","TRD SEGURIDAD Y PROTECCIÓN","TRD PROTECCIÓN","TRD CINTURÓN DE HERRAMIENTA"
"TBT31TD6287","TRD FERRETERIA","TRD SEGURIDAD Y PROTECCIÓN","TRD PROTECCIÓN","TRD CINTURONES"
"TBT31TD6317","TRD FERRETERIA","TRD SEGURIDAD Y PROTECCIÓN","TRD PROTECCIÓN","TRD CONOS"
"TBT31TD6364","TRD FERRETERIA","TRD SEGURIDAD Y PROTECCIÓN","TRD PROTECCIÓN","TRD DELANTALES"
"TBT31TD6488","TRD FERRETERIA","TRD SEGURIDAD Y PROTECCIÓN","TRD PROTECCIÓN","TRD GUANTES"
"TBT31TD6573","TRD FERRETERIA","TRD SEGURIDAD Y PROTECCIÓN","TRD PROTECCIÓN","TRD MALLA DE SEGURIDAD"
"TBT31TD6593","TRD FERRETERIA","TRD SEGURIDAD Y PROTECCIÓN","TRD PROTECCIÓN","TRD MASCARAS / CARETAS"
"TBT31TD6632","TRD FERRETERIA","TRD SEGURIDAD Y PROTECCIÓN","TRD PROTECCIÓN","TRD OREJERAS"
"TBT31TD6759","TRD FERRETERIA","TRD SEGURIDAD Y PROTECCIÓN","TRD PROTECCIÓN","TRD RÓTULOS"
"TBT31TD6915","TRD FERRETERIA","TRD SEGURIDAD Y PROTECCIÓN","TRD PROTECCIÓN","TRD ZAPATOS"
"TBT31TI4889","TRD FERRETERIA","TRD SEGURIDAD Y PROTECCIÓN","TRD VARIOS SEGURIDAD Y PROTECCIÓN","TRD VARIOS"
"TBT33T34233","TRD FERRETERIA","TRD UTILITARIOS","TRD CADENAS","TRD CADENA"
"TBT33T34235","TRD FERRETERIA","TRD UTILITARIOS","TRD CADENAS","TRD CADENAS POR METRO"
"TBT33T34486","TRD FERRETERIA","TRD UTILITARIOS","TRD CADENAS","TRD GRILLETES"
"TBT33T34880","TRD FERRETERIA","TRD UTILITARIOS","TRD CADENAS","TRD UNIONES"
"TBT33T45469","TRD FERRETERIA","TRD UTILITARIOS","TRD CEDAZOS","TRD GALLINERO"
"TBT33T45617","TRD FERRETERIA","TRD UTILITARIOS","TRD CEDAZOS","TRD MOSQUITERO"
"TBT33T51582","TRD FERRETERIA","TRD UTILITARIOS","TRD COBERTORES","TRD MANTEADOS"
"TBT33T51691","TRD FERRETERIA","TRD UTILITARIOS","TRD COBERTORES","TRD PLÁSTICO NEGRO"
"TBT33T51764","TRD FERRETERIA","TRD UTILITARIOS","TRD COBERTORES","TRD SARÁN"
"TBT33TE4749","TRD FERRETERIA","TRD UTILITARIOS","TRD RESORTES","TRD RESORTES"
"TBT33TF1795","TRD FERRETERIA","TRD UTILITARIOS","TRD SOGAS","TRD SOGAS / MECATES VARIAS"
"TBT33TF1796","TRD FERRETERIA","TRD UTILITARIOS","TRD SOGAS","TRD SOGAS POR METRO (MECATES)"
"TBT35TK1917","TRD FERRETERIA","TRD INSTALACIONES DE GAS","TRD TUBERIA PARA GAS","TRD TUBOS PARA GAS"
"TBT35TK2918","TRD FERRETERIA","TRD INSTALACIONES DE GAS","TRD CONEXIONES Y ACCESORIOS DE GAS","TRD CODOS PAGA GAS"
"TBT35TK2919","TRD FERRETERIA","TRD INSTALACIONES DE GAS","TRD CONEXIONES Y ACCESORIOS DE GAS","TRD CONECTORES PARA GAS"
"TBT35TK2920","TRD FERRETERIA","TRD INSTALACIONES DE GAS","TRD CONEXIONES Y ACCESORIOS DE GAS","TRD COPLES PARA GAS"
"TBT35TK2921","TRD FERRETERIA","TRD INSTALACIONES DE GAS","TRD CONEXIONES Y ACCESORIOS DE GAS","TRD CRUZ PARA GAS"
"TBT35TK2922","TRD FERRETERIA","TRD INSTALACIONES DE GAS","TRD CONEXIONES Y ACCESORIOS DE GAS","TRD DUCTOS PARA GAS"
"TBT35TK2923","TRD FERRETERIA","TRD INSTALACIONES DE GAS","TRD CONEXIONES Y ACCESORIOS DE GAS","TRD REDUCTORES PARA GAS"
"TBT35TK2924","TRD FERRETERIA","TRD INSTALACIONES DE GAS","TRD CONEXIONES Y ACCESORIOS DE GAS","TRD REGULADORES PARA GAS"
"TCT01T20151","TRD ESTRUCTURA","TRD ACERO LARGOS","TRD ANGULARES","TRD ANGULARES DE HIERRO"
"TCT01T20152","TRD ESTRUCTURA","TRD ACERO LARGOS","TRD ANGULARES","TRD ANGULOS DE ACERO"
"TCT01TC9191","TRD ESTRUCTURA","TRD ACERO LARGOS","TRD PLATINAS","TRD BARRAS DE ACERO"
"TCT01TC9695","TRD ESTRUCTURA","TRD ACERO LARGOS","TRD PLATINAS","TRD PLATINAS"
"TCT01TC9696","TRD ESTRUCTURA","TRD ACERO LARGOS","TRD PLATINAS","TRD PLATINAS DE HIERRO"
"TCT01TC9697","TRD ESTRUCTURA","TRD ACERO LARGOS","TRD PLATINAS","TRD PLATINAS DECORADAS"
"TCT01TG9134","TRD ESTRUCTURA","TRD ACERO LARGOS","TRD TREFILADOS","TRD ALAMBRE DE AMARRE"
"TCT01TG9135","TRD ESTRUCTURA","TRD ACERO LARGOS","TRD TREFILADOS","TRD ALAMBRE DE PÚAS"
"TCT01TG9136","TRD ESTRUCTURA","TRD ACERO LARGOS","TRD TREFILADOS","TRD ALAMBRE GALVANIZADO"
"TCT01TG9137","TRD ESTRUCTURA","TRD ACERO LARGOS","TRD TREFILADOS","TRD ALAMBRE NEGRO RECOCIDO"
"TCT01TG9290","TRD ESTRUCTURA","TRD ACERO LARGOS","TRD TREFILADOS","TRD CLAVOS PARA CONCRETO"
"TCT01TG9291","TRD ESTRUCTURA","TRD ACERO LARGOS","TRD TREFILADOS","TRD CLAVOS PARA MADERA"
"TCT01TG9387","TRD ESTRUCTURA","TRD ACERO LARGOS","TRD TREFILADOS","TRD ELECTROMALLA/ARMADURA PLANA"
"TCT01TG9410","TRD ESTRUCTURA","TRD ACERO LARGOS","TRD TREFILADOS","TRD ESPECIALES TREFILERIA"
"TCT01TG9476","TRD ESTRUCTURA","TRD ACERO LARGOS","TRD TREFILADOS","TRD GAZAS"
"TCT01TG9484","TRD ESTRUCTURA","TRD ACERO LARGOS","TRD TREFILADOS","TRD GRAPAS PARA CERCA"
"TCT01TG9574","TRD ESTRUCTURA","TRD ACERO LARGOS","TRD TREFILADOS","TRD MALLA GALVANIZADA"
"TCT01TG9804","TRD ESTRUCTURA","TRD ACERO LARGOS","TRD TREFILADOS","TRD SUPER MALLA ELECTROGALVANIZADA"
"TCT01TG9933","TRD ESTRUCTURA","TRD ACERO LARGOS","TRD TREFILADOS","TRD ACCESORIOS CERRAMIENTO"
"TCT01TG9934","TRD ESTRUCTURA","TRD ACERO LARGOS","TRD TREFILADOS","TRD MALLA CERRAMIENTO"
"TCT01TI2596","TRD ESTRUCTURA","TRD ACERO LARGOS","TRD VARILLAS","TRD MATERIAL FERRALLADO"
"TCT01TI2884","TRD ESTRUCTURA","TRD ACERO LARGOS","TRD VARILLAS","TRD VARILLA ""W"" - 706"
"TCT01TI2885","TRD ESTRUCTURA","TRD ACERO LARGOS","TRD VARILLAS","TRD VARILLA DEFORMADA/CORRUGADA"
"TCT01TI2886","TRD ESTRUCTURA","TRD ACERO LARGOS","TRD VARILLAS","TRD VARILLA EN ROLLO"
"TCT01TI2887","TRD ESTRUCTURA","TRD ACERO LARGOS","TRD VARILLAS","TRD VARILLA LISA"
"TCT01TI9906","TRD ESTRUCTURA","TRD ACERO LARGOS","TRD VIGAS","TRD VIGAS DE ACERO"
"TCT01TI9907","TRD ESTRUCTURA","TRD ACERO LARGOS","TRD VIGAS","TRD VIGAS UPN; IPN"
"TCT01TI9908","TRD ESTRUCTURA","TRD ACERO LARGOS","TRD VIGAS","TRD VIGAS WF"
"TCT02TB9116","TRD ESTRUCTURA","TRD ACERO PLANOS","TRD OTROS ACEROS PLANOS","TRD ACERO INOXIDABLE EN LAMINAS"
"TCT02TB9148","TRD ESTRUCTURA","TRD ACERO PLANOS","TRD OTROS ACEROS PLANOS","TRD ALUMINIO LISO"
"TCT02TB9448","TRD ESTRUCTURA","TRD ACERO PLANOS","TRD OTROS ACEROS PLANOS","TRD FLEJE GALVANIZADO Y NEGRO"
"TCT02TB9504","TRD ESTRUCTURA","TRD ACERO PLANOS","TRD OTROS ACEROS PLANOS","TRD HIERRO ZINCOR EN LAMINAS"
"TCT02TB9505","TRD ESTRUCTURA","TRD ACERO PLANOS","TRD OTROS ACEROS PLANOS","TRD HIERROS NEGROS"
"TCT02TB9538","TRD ESTRUCTURA","TRD ACERO PLANOS","TRD OTROS ACEROS PLANOS","TRD LAMINAS DE METAL EXPANDIDO"
"TCT02TC3659","TRD ESTRUCTURA","TRD ACERO PLANOS","TRD PERFILES","TRD PERFILES ""Z"""
"TCT02TC3660","TRD ESTRUCTURA","TRD ACERO PLANOS","TRD PERFILES","TRD PERFILES GALVANIZADOS"
"TCT02TC3661","TRD ESTRUCTURA","TRD ACERO PLANOS","TRD PERFILES","TRD PERFILES NEGROS"
"TCT02TF9104","TRD ESTRUCTURA","TRD ACERO PLANOS","TRD TECHOS ACERO","TRD ACCESORIOS CANOAS; CUMBRERAS; BOTAGU"
"TCT02TF9275","TRD ESTRUCTURA","TRD ACERO PLANOS","TRD TECHOS ACERO","TRD CERCHAS"
"TCT02TF9534","TRD ESTRUCTURA","TRD ACERO PLANOS","TRD TECHOS ACERO","TRD LAMINA GALVANIZADA ONDULADAS"
"TCT02TF9535","TRD ESTRUCTURA","TRD ACERO PLANOS","TRD TECHOS ACERO","TRD LAMINA GALVANIZADA RECTANGULAR"
"TCT02TF9539","TRD ESTRUCTURA","TRD ACERO PLANOS","TRD TECHOS ACERO","TRD LAMINAS ESMALTADAS PARA TECHO"
"TCT02TF9540","TRD ESTRUCTURA","TRD ACERO PLANOS","TRD TECHOS ACERO","TRD LAMINAS GALVANIZADAS LISAS"
"TCT02TF9832","TRD ESTRUCTURA","TRD ACERO PLANOS","TRD TECHOS ACERO","TRD TEJA METAL"
"TCT02TH7658","TRD ESTRUCTURA","TRD ACERO PLANOS","TRD TUBERÍAS","TRD PERFIL INDUSTRIAL 0.95MM"
"TCT02TH7863","TRD ESTRUCTURA","TRD ACERO PLANOS","TRD TUBERÍAS","TRD TUBERÍA CAÑERIA HG"
"TCT02TH7868","TRD ESTRUCTURA","TRD ACERO PLANOS","TRD TUBERÍAS","TRD TUBO CAÑERÍA GALV.CED.40"
"TCT02TH7869","TRD ESTRUCTURA","TRD ACERO PLANOS","TRD TUBERÍAS","TRD TUBO CAÑERÍA NEGRO CED.40"
"TCT02TH7871","TRD ESTRUCTURA","TRD ACERO PLANOS","TRD TUBERÍAS","TRD TUBO ESTRUCTURAL GALVANIZADO"
"TCT02TH7872","TRD ESTRUCTURA","TRD ACERO PLANOS","TRD TUBERÍAS","TRD TUBO ESTRUCTURAL NEGRO"
"TCT02TH7873","TRD ESTRUCTURA","TRD ACERO PLANOS","TRD TUBERÍAS","TRD TUBO INDUSTRIAL GALVANIZADO"
"TCT02TH7874","TRD ESTRUCTURA","TRD ACERO PLANOS","TRD TUBERÍAS","TRD TUBO INDUSTRIAL NEGRO"
"TCT02TH7916","TRD ESTRUCTURA","TRD ACERO PLANOS","TRD TUBERÍAS","TRD TUBO P/MALLA"
"TCT37T10312","TRD ESTRUCTURA","TRD ADITIVOS ; IMPERMEAB. Y RECUBRIMIENTOS","TRD ADITIVOS","TRD CONCRETO"
"TCT37T10571","TRD ESTRUCTURA","TRD ADITIVOS ; IMPERMEAB. Y RECUBRIMIENTOS","TRD ADITIVOS","TRD MADERA"
"TCT37T10615","TRD ESTRUCTURA","TRD ADITIVOS ; IMPERMEAB. Y RECUBRIMIENTOS","TRD ADITIVOS","TRD MORTEROS"
"TCT37TK3925","TRD ESTRUCTURA","TRD ADITIVOS ; IMPERMEAB. Y RECUBRIMIENTOS","TRD IMPERMEABILIZANTES","TRD CUBIERTAS"
"TCT37TK3926","TRD ESTRUCTURA","TRD ADITIVOS ; IMPERMEAB. Y RECUBRIMIENTOS","TRD IMPERMEABILIZANTES","TRD FACHADAS"
"TCT37TK3927","TRD ESTRUCTURA","TRD ADITIVOS ; IMPERMEAB. Y RECUBRIMIENTOS","TRD IMPERMEABILIZANTES","TRD CIMENTACIONES"
"TCT37TK3928","TRD ESTRUCTURA","TRD ADITIVOS ; IMPERMEAB. Y RECUBRIMIENTOS","TRD IMPERMEABILIZANTES","TRD OTROS"
"TCT37TL5946","TRD ESTRUCTURA","TRD ADITIVOS ; IMPERMEAB. Y RECUBRIMIENTOS","TRD RECUBRIMIENTOS","TRD MEMBRANAS/GEOTEXTIL"
"TCT37TL5942","TRD ESTRUCTURA","TRD ADITIVOS ; IMPERMEAB. Y RECUBRIMIENTOS","TRD RECUBRIMIENTOS","TRD MANTOS"
"TCT37TL5943","TRD ESTRUCTURA","TRD ADITIVOS ; IMPERMEAB. Y RECUBRIMIENTOS","TRD RECUBRIMIENTOS","TRD PLASTICOS"
"TCT37TL5944","TRD ESTRUCTURA","TRD ADITIVOS ; IMPERMEAB. Y RECUBRIMIENTOS","TRD RECUBRIMIENTOS","TRD FIBRA DE VIDRIO"
"TCT37TL5945","TRD ESTRUCTURA","TRD ADITIVOS ; IMPERMEAB. Y RECUBRIMIENTOS","TRD RECUBRIMIENTOS","TRD OTROS"
"TCT39TD4126","TRD ESTRUCTURA","TRD CEMENTICIOS","TRD PREFABRICADOS","TRD ADOQUINES"
"TCT39TD4184","TRD ESTRUCTURA","TRD CEMENTICIOS","TRD PREFABRICADOS","TRD BALDOSAS Y COLUMNAS"
"TCT39TD4185","TRD ESTRUCTURA","TRD CEMENTICIOS","TRD PREFABRICADOS","TRD BALUSTRES; BASAS Y TOPES"
"TCT39TD4186","TRD ESTRUCTURA","TRD CEMENTICIOS","TRD PREFABRICADOS","TRD BANCAS DE CONCRETO"
"TCT39TD4206","TRD ESTRUCTURA","TRD CEMENTICIOS","TRD PREFABRICADOS","TRD BLOQUES CELOSÍA"
"TCT39TD4207","TRD ESTRUCTURA","TRD CEMENTICIOS","TRD PREFABRICADOS","TRD BLOQUES DECORATIVOS"
"TCT39TD4208","TRD ESTRUCTURA","TRD CEMENTICIOS","TRD PREFABRICADOS","TRD BODEGAS"
"TCT39TD4240","TRD ESTRUCTURA","TRD CEMENTICIOS","TRD PREFABRICADOS","TRD CAJAS DE REGISTRO Y CENICEROS"
"TCT39TD4261","TRD ESTRUCTURA","TRD CEMENTICIOS","TRD PREFABRICADOS","TRD CASAS PREFA"
"TCT39TD4346","TRD ESTRUCTURA","TRD CEMENTICIOS","TRD PREFABRICADOS","TRD CUNETAS"
"TCT39TD4395","TRD ESTRUCTURA","TRD CEMENTICIOS","TRD PREFABRICADOS","TRD ENTREPISOS PRETENSADOS"
"TCT39TD4418","TRD ESTRUCTURA","TRD CEMENTICIOS","TRD PREFABRICADOS","TRD ESTRUCTURALES"
"TCT39TD4533","TRD ESTRUCTURA","TRD CEMENTICIOS","TRD PREFABRICADOS","TRD LADRILLO ARCILLA"
"TCT39TD4575","TRD ESTRUCTURA","TRD CEMENTICIOS","TRD PREFABRICADOS","TRD MAMPOSTERÍA"
"TCT39TD4668","TRD ESTRUCTURA","TRD CEMENTICIOS","TRD PREFABRICADOS","TRD PILAS DE CONCRETO"
"TCT39TD4712","TRD ESTRUCTURA","TRD CEMENTICIOS","TRD PREFABRICADOS","TRD POSTENSADOS"
"TCT39TD4713","TRD ESTRUCTURA","TRD CEMENTICIOS","TRD PREFABRICADOS","TRD POSTES ELÉCTRICOS"
"TCT39TD4877","TRD ESTRUCTURA","TRD CEMENTICIOS","TRD PREFABRICADOS","TRD TUBOS DE CONCRETO REFORZADOS"
"TCT39TD4878","TRD ESTRUCTURA","TRD CEMENTICIOS","TRD PREFABRICADOS","TRD TUBOS DE CONCRETO SIN REFUERZO"
"TCT39TD4914","TRD ESTRUCTURA","TRD CEMENTICIOS","TRD PREFABRICADOS","TRD ZACATE BLOCK"
"TCT39TK8244","TRD ESTRUCTURA","TRD CEMENTICIOS","TRD CEMENTICIOS BASICOS","TRD CAL"
"TCT39TK8265","TRD ESTRUCTURA","TRD CEMENTICIOS","TRD CEMENTICIOS BASICOS","TRD CEMENTO BLANCO"
"TCT39TK8266","TRD ESTRUCTURA","TRD CEMENTICIOS","TRD CEMENTICIOS BASICOS","TRD CEMENTO GRIS"
"TCT39TK9313","TRD ESTRUCTURA","TRD CEMENTICIOS","TRD CEMENTICIOS DERIVADOS","TRD CONCRETO PREMEZCLADO"
"TCT39TK9615","TRD ESTRUCTURA","TRD CEMENTICIOS","TRD CEMENTICIOS DERIVADOS","TRD MORTEROS"
"TCT39TK9940","TRD ESTRUCTURA","TRD CEMENTICIOS","TRD CEMENTICIOS DERIVADOS","TRD ADHESIVOS PISOS Y AZULEJOS"
"TCT40TK6446","TRD ESTRUCTURA","TRD AGREGADOS","TRD ARENAS","TRD FINOS"
"TCT40TK6487","TRD ESTRUCTURA","TRD AGREGADOS","TRD ARENAS","TRD GRUESOS"
"TCT40TK7446","TRD ESTRUCTURA","TRD AGREGADOS","TRD GRAVAS","TRD FINOS"
"TCT40TK7487","TRD ESTRUCTURA","TRD AGREGADOS","TRD GRAVAS","TRD GRUESOS"
"TCT42TH3439","TRD ESTRUCTURA","TRD TUBOSISTEMAS","TRD TUBERÍA Y ACCESORIOS CPVC","TRD FIGURAS CPVC"
"TCT42TH3865","TRD ESTRUCTURA","TRD TUBOSISTEMAS","TRD TUBERÍA Y ACCESORIOS CPVC","TRD TUBERÍA CPVC"
"TCT42TH4438","TRD ESTRUCTURA","TRD TUBOSISTEMAS","TRD TUBERÍA Y ACCESORIOS DE COBRE","TRD FIGURAS COBRE"
"TCT42TH4864","TRD ESTRUCTURA","TRD TUBOSISTEMAS","TRD TUBERÍA Y ACCESORIOS DE COBRE","TRD TUBERÍA COBRE"
"TCT42TH5440","TRD ESTRUCTURA","TRD TUBOSISTEMAS","TRD TUBERÍA Y ACCESORIOS GALVANIZADA","TRD FIGURAS GALVANIZADAS"
"TCT42TH5866","TRD ESTRUCTURA","TRD TUBOSISTEMAS","TRD TUBERÍA Y ACCESORIOS GALVANIZADA","TRD TUBERÍA GALVANIZADAS"
"TCT42TL4937","TRD ESTRUCTURA","TRD TUBOSISTEMAS","TRD TUBERÍA Y ACCESORIOS INFRAESTRUCTURA","TRD INFRAESTRUCTURA"
"TCT42TL1929","TRD ESTRUCTURA","TRD TUBOSISTEMAS","TRD TUBERÍA Y ACCESORIOS PPR","TRD FIGURAS PPR"
"TCT42TL1930","TRD ESTRUCTURA","TRD TUBOSISTEMAS","TRD TUBERÍA Y ACCESORIOS PPR","TRD TUBERIAS PPR"
"TCT42TH6442","TRD ESTRUCTURA","TRD TUBOSISTEMAS","TRD TUBERÍA Y ACCESORIOS PVC","TRD FIGURAS PVC"
"TCT42TH6867","TRD ESTRUCTURA","TRD TUBOSISTEMAS","TRD TUBERÍA Y ACCESORIOS PVC","TRD TUBERÍA PVC"
"TCT42TL2931","TRD ESTRUCTURA","TRD TUBOSISTEMAS","TRD TUBERÍA Y ACCESORIOS PVC SANITARIA","TRD FIGURAS PVC SANITARIA"
"TCT42TL2932","TRD ESTRUCTURA","TRD TUBOSISTEMAS","TRD TUBERÍA Y ACCESORIOS PVC SANITARIA","TRD TUBERIAS PVC SANITARIA"
"TFT10T15264","TRD OBRA GRIS","TRD CONSTRUCCIÓN LIVIANA","TRD AISLANTES","TRD CELULAR"
"TFT10T15413","TRD OBRA GRIS","TRD CONSTRUCCIÓN LIVIANA","TRD AISLANTES","TRD ESPUMA"
"TFT10T15416","TRD OBRA GRIS","TRD CONSTRUCCIÓN LIVIANA","TRD AISLANTES","TRD ESTEREOFÓN"
"TFT10T15541","TRD OBRA GRIS","TRD CONSTRUCCIÓN LIVIANA","TRD AISLANTES","TRD LANA/FIBRA DE VIDRIO"
"TFT10TC2107","TRD OBRA GRIS","TRD CONSTRUCCIÓN LIVIANA","TRD PERFILERÍA LIVIANA","TRD ACCESORIOS DE PERFILERÍA"
"TFT10TF5366","TRD OBRA GRIS","TRD CONSTRUCCIÓN LIVIANA","TRD TABLAS LIVIANAS","TRD DENSGLASS"
"TFT10TF5385","TRD OBRA GRIS","TRD CONSTRUCCIÓN LIVIANA","TRD TABLAS LIVIANAS","TRD DUROCK"
"TFT10TF5435","TRD OBRA GRIS","TRD CONSTRUCCIÓN LIVIANA","TRD TABLAS LIVIANAS","TRD FIBRA MINERAL"
"TFT10TF5436","TRD OBRA GRIS","TRD CONSTRUCCIÓN LIVIANA","TRD TABLAS LIVIANAS","TRD FIBROCEMENTO"
"TFT10TF5437","TRD OBRA GRIS","TRD CONSTRUCCIÓN LIVIANA","TRD TABLAS LIVIANAS","TRD FIBROYESO"
"TFT10TF5491","TRD OBRA GRIS","TRD CONSTRUCCIÓN LIVIANA","TRD TABLAS LIVIANAS","TRD GYPROCK"
"TFT10TF5492","TRD OBRA GRIS","TRD CONSTRUCCIÓN LIVIANA","TRD TABLAS LIVIANAS","TRD GYPSUM"
"TFT10TF5808","TRD OBRA GRIS","TRD CONSTRUCCIÓN LIVIANA","TRD TABLAS LIVIANAS","TRD TABLILLA PVC"
"TFT22T07820","TRD OBRA GRIS","TRD LÁMINAS","TRD ACCESORIOS DE LAMINAS","TRD TAPA TORNILLOS"
"TFT22T07823","TRD OBRA GRIS","TRD LÁMINAS","TRD ACCESORIOS DE LAMINAS","TRD TAPETA"
"TFT22T12330","TRD OBRA GRIS","TRD LÁMINAS","TRD AGLOMERADO","TRD CRUDO"
"TFT22T12536","TRD OBRA GRIS","TRD LÁMINAS","TRD AGLOMERADO","TRD LAMINADO"
"TFT22T44362","TRD OBRA GRIS","TRD LÁMINAS","TRD CARTÓN","TRD DECORADO; RANURADO Y PERFORADO"
"TFT22T44536","TRD OBRA GRIS","TRD LÁMINAS","TRD CARTÓN","TRD LAMINADO"
"TFT22T44555","TRD OBRA GRIS","TRD LÁMINAS","TRD CARTÓN","TRD LISO"
"TFT22T93322","TRD OBRA GRIS","TRD LÁMINAS","TRD LÁMINAS DE MADERA","TRD CORCHO"
"TFT22T93602","TRD OBRA GRIS","TRD LÁMINAS","TRD LÁMINAS DE MADERA","TRD MELINA"
"TFT22T93670","TRD OBRA GRIS","TRD LÁMINAS","TRD LÁMINAS DE MADERA","TRD PINO"
"TFT22T93824","TRD OBRA GRIS","TRD LÁMINAS","TRD LÁMINAS DE MADERA","TRD TECA"
"TFT22TA8362","TRD OBRA GRIS","TRD LÁMINAS","TRD MDF","TRD DECORADO; RANURADO Y PERFORADO"
"TFT22TA8555","TRD OBRA GRIS","TRD LÁMINAS","TRD MDF","TRD LISO"
"TFT22TB8633","TRD OBRA GRIS","TRD LÁMINAS","TRD OSB","TRD OSB"
"TFT22TC8537","TRD OBRA GRIS","TRD LÁMINAS","TRD PLÁSTICO LAMINADO","TRD LAMINADO COLORES"
"TFT22TD1252","TRD OBRA GRIS","TRD LÁMINAS","TRD PLYWOOD","TRD CAOBILLA"
"TFT22TD1433","TRD OBRA GRIS","TRD LÁMINAS","TRD PLYWOOD","TRD FENÓLICO"
"TFT22TD1590","TRD OBRA GRIS","TRD LÁMINAS","TRD PLYWOOD","TRD MARINO"
"TFT22TD1629","TRD OBRA GRIS","TRD LÁMINAS","TRD PLYWOOD","TRD OKUME"
"TFT22TD1670","TRD OBRA GRIS","TRD LÁMINAS","TRD PLYWOOD","TRD PINO"
"TFT23T25171","TRD OBRA GRIS","TRD MADERAS","TRD ARTESONADO","TRD ARTESONADO"
"TFT23T62270","TRD OBRA GRIS","TRD MADERAS","TRD CUADRO","TRD CEPILLADO"
"TFT23T62347","TRD OBRA GRIS","TRD MADERAS","TRD CUADRO","TRD CURADO"
"TFT23T62789","TRD OBRA GRIS","TRD MADERAS","TRD CUADRO","TRD SIN CEPILLO"
"TFT23T62790","TRD OBRA GRIS","TRD MADERAS","TRD CUADRO","TRD SIN CURAR"
"TFT23TA3645","TRD OBRA GRIS","TRD MADERAS","TRD MACHIMBRE","TRD PAREDES Y CIELOS"
"TFT23TA3680","TRD OBRA GRIS","TRD MADERAS","TRD MACHIMBRE","TRD PISOS DE MADERA"
"TFT23TD3347","TRD OBRA GRIS","TRD MADERAS","TRD POSTE","TRD CURADO"
"TFT23TD3790","TRD OBRA GRIS","TRD MADERAS","TRD POSTE","TRD SIN CURAR"
"TFT23TF4270","TRD OBRA GRIS","TRD MADERAS","TRD TABLAS","TRD CEPILLADO"
"TFT23TF4347","TRD OBRA GRIS","TRD MADERAS","TRD TABLAS","TRD CURADO"
"TFT23TF4789","TRD OBRA GRIS","TRD MADERAS","TRD TABLAS","TRD SIN CEPILLO"
"TFT23TF4790","TRD OBRA GRIS","TRD MADERAS","TRD TABLAS","TRD SIN CURAR"
"TFT29TB2147","TRD OBRA GRIS","TRD PUERTAS; VENTANAS Y MOLDURAS","TRD MOLDURAS","TRD ALUMINIO"
"TFT29TB2436","TRD OBRA GRIS","TRD PUERTAS; VENTANAS Y MOLDURAS","TRD MOLDURAS","TRD FIBROCEMENTO"
"TFT29TB2571","TRD OBRA GRIS","TRD PUERTAS; VENTANAS Y MOLDURAS","TRD MOLDURAS","TRD MADERA"
"TFT29TB2690","TRD OBRA GRIS","TRD PUERTAS; VENTANAS Y MOLDURAS","TRD MOLDURAS","TRD PLÁSTICAS Y PVC"
"TFT29TB2704","TRD OBRA GRIS","TRD PUERTAS; VENTANAS Y MOLDURAS","TRD MOLDURAS","TRD POLIETILENO"
"TFT29TD7293","TRD OBRA GRIS","TRD PUERTAS; VENTANAS Y MOLDURAS","TRD PUERTAS","TRD CLOSET MADERA"
"TFT29TD7294","TRD OBRA GRIS","TRD PUERTAS; VENTANAS Y MOLDURAS","TRD PUERTAS","TRD CLOSET PVC"
"TFT29TD7424","TRD OBRA GRIS","TRD PUERTAS; VENTANAS Y MOLDURAS","TRD PUERTAS","TRD EXTERIOR"
"TFT29TD7521","TRD OBRA GRIS","TRD PUERTAS; VENTANAS Y MOLDURAS","TRD PUERTAS","TRD INTERIOR"
"TFT29TD7588","TRD OBRA GRIS","TRD PUERTAS; VENTANAS Y MOLDURAS","TRD PUERTAS","TRD MARCO DE SEGURIDAD"
"TFT29TI6147","TRD OBRA GRIS","TRD PUERTAS; VENTANAS Y MOLDURAS","TRD VENTANAS","TRD ALUMINIO"
"TFT29TI6571","TRD OBRA GRIS","TRD PUERTAS; VENTANAS Y MOLDURAS","TRD VENTANAS","TRD MADERA"
"TFT29TI6910","TRD OBRA GRIS","TRD PUERTAS; VENTANAS Y MOLDURAS","TRD VENTANAS","TRD VITRALES"
"TFT29TI6936","TRD OBRA GRIS","TRD PUERTAS; VENTANAS Y MOLDURAS","TRD VENTANAS","TRD PVC"
"TFT32T39105","TRD OBRA GRIS","TRD TECHOS NO METÁLICOS","TRD CANALES","TRD ACCESORIOS CANOAS/CANALES"
"TFT32T39216","TRD OBRA GRIS","TRD TECHOS NO METÁLICOS","TRD CANALES","TRD BOTAGUAS"
"TFT32T39250","TRD OBRA GRIS","TRD TECHOS NO METÁLICOS","TRD CANALES","TRD CANALETAS PVC"
"TFT32T39251","TRD OBRA GRIS","TRD TECHOS NO METÁLICOS","TRD CANALES","TRD CANALETAS ZINC"
"TFT32T39345","TRD OBRA GRIS","TRD TECHOS NO METÁLICOS","TRD CANALES","TRD CUMBRERAS/CAPOTES HG"
"TFT32T63103","TRD OBRA GRIS","TRD TECHOS NO METÁLICOS","TRD CUBIERTAS","TRD ACCESORIOS"
"TFT32T63172","TRD OBRA GRIS","TRD TECHOS NO METÁLICOS","TRD CUBIERTAS","TRD ASBESTO"
"TFT32T63436","TRD OBRA GRIS","TRD TECHOS NO METÁLICOS","TRD CUBIERTAS","TRD FIBROCEMENTO"
"TFT32T63702","TRD OBRA GRIS","TRD TECHOS NO METÁLICOS","TRD CUBIERTAS","TRD POLICARBONATO"
"TFT32T63703","TRD OBRA GRIS","TRD TECHOS NO METÁLICOS","TRD CUBIERTAS","TRD POLICARBONATO CELULAR"
"TFT32T63731","TRD OBRA GRIS","TRD TECHOS NO METÁLICOS","TRD CUBIERTAS","TRD PVC"
"TFT32TG3828","TRD OBRA GRIS","TRD TECHOS NO METÁLICOS","TRD TEJA","TRD TEJA ARCILLA"
"TFT32TG3829","TRD OBRA GRIS","TRD TECHOS NO METÁLICOS","TRD TEJA","TRD TEJA ASFÁLTICA"
"TFT32TG3830","TRD OBRA GRIS","TRD TECHOS NO METÁLICOS","TRD TEJA","TRD TEJA CONCRETO"
"TFT32TG3831","TRD OBRA GRIS","TRD TECHOS NO METÁLICOS","TRD TEJA","TRD TEJA DECRA"
"TFT32TG3833","TRD OBRA GRIS","TRD TECHOS NO METÁLICOS","TRD TEJA","TRD TEJA PLÁSTICA"
"TFT38T33132","TRD OBRA GRIS","TRD ELÉCTRICO","TRD CABLES","TRD AISLADO"
"TFT38T33295","TRD OBRA GRIS","TRD ELÉCTRICO","TRD CABLES","TRD COAXIAL"
"TFT38T33337","TRD OBRA GRIS","TRD ELÉCTRICO","TRD CABLES","TRD CUBIERTO"
"TFT38T33357","TRD OBRA GRIS","TRD ELÉCTRICO","TRD CABLES","TRD DE PUESTA A TIERRA"
"TFT38T33372","TRD OBRA GRIS","TRD ELÉCTRICO","TRD CABLES","TRD DESNUDO"
"TFT38T33710","TRD OBRA GRIS","TRD ELÉCTRICO","TRD CABLES","TRD PORTAELECTRODO"
"TFT38T33714","TRD OBRA GRIS","TRD ELÉCTRICO","TRD CABLES","TRD POTENCIA"
"TFT38T40103","TRD OBRA GRIS","TRD ELÉCTRICO","TRD CANALIZACIÓN","TRD ACCESORIOS"
"TFT38T40249","TRD OBRA GRIS","TRD ELÉCTRICO","TRD CANALIZACIÓN","TRD CANALETAS"
"TFT38T40314","TRD OBRA GRIS","TRD ELÉCTRICO","TRD CANALIZACIÓN","TRD CONDULETAS"
"TFT38T40315","TRD OBRA GRIS","TRD ELÉCTRICO","TRD CANALIZACIÓN","TRD CONECTORES"
"TFT38T40348","TRD OBRA GRIS","TRD ELÉCTRICO","TRD CANALIZACIÓN","TRD CURVAS"
"TFT38T40383","TRD OBRA GRIS","TRD ELÉCTRICO","TRD CANALIZACIÓN","TRD DUCTOS"
"TFT38T40384","TRD OBRA GRIS","TRD ELÉCTRICO","TRD CANALIZACIÓN","TRD DUCTOS FLEXIBLES"
"TFT38T40476","TRD OBRA GRIS","TRD ELÉCTRICO","TRD CANALIZACIÓN","TRD GAZAS"
"TFT38T40736","TRD OBRA GRIS","TRD ELÉCTRICO","TRD CANALIZACIÓN","TRD REDUCCIONES"
"TFT38T40821","TRD OBRA GRIS","TRD ELÉCTRICO","TRD CANALIZACIÓN","TRD TAPAS"
"TFT38T40875","TRD OBRA GRIS","TRD ELÉCTRICO","TRD CANALIZACIÓN","TRD TUBOS"
"TFT38T40880","TRD OBRA GRIS","TRD ELÉCTRICO","TRD CANALIZACIÓN","TRD UNIONES"
"TFT38T60858","TRD OBRA GRIS","TRD ELÉCTRICO","TRD CONTROL","TRD TRANSFORMADORES"
"TFT38T67103","TRD OBRA GRIS","TRD ELÉCTRICO","TRD DISTRIBUCIÓN","TRD ACCESORIOS"
"TFT38T67221","TRD OBRA GRIS","TRD ELÉCTRICO","TRD DISTRIBUCIÓN","TRD BREAKERS"
"TFT38T67222","TRD OBRA GRIS","TRD ELÉCTRICO","TRD DISTRIBUCIÓN","TRD BREAKERS DE CIRCUITO"
"TFT38T67241","TRD OBRA GRIS","TRD ELÉCTRICO","TRD DISTRIBUCIÓN","TRD CAJAS ELÉCTRICAS DE PASO"
"TFT38T67242","TRD OBRA GRIS","TRD ELÉCTRICO","TRD DISTRIBUCIÓN","TRD CAJAS ELÉCTRICAS PARA MEDIDORES"
"TFT38T67331","TRD OBRA GRIS","TRD ELÉCTRICO","TRD DISTRIBUCIÓN","TRD CTRO CARGA MONOFÁSICOS EMPOTRADOS"
"TFT38T67332","TRD OBRA GRIS","TRD ELÉCTRICO","TRD DISTRIBUCIÓN","TRD CTRO CARGA MONOFÁSICOS SUPERFICIALES"
"TFT38T67333","TRD OBRA GRIS","TRD ELÉCTRICO","TRD DISTRIBUCIÓN","TRD CTRO CARGA TRIFÁSICOS EMPOTRADOS"
"TFT38T67334","TRD OBRA GRIS","TRD ELÉCTRICO","TRD DISTRIBUCIÓN","TRD CTRO CARGA TRIFÁSICOS SUPERFICIALES"
"TFT38T67522","TRD OBRA GRIS","TRD ELÉCTRICO","TRD DISTRIBUCIÓN","TRD INVERTIDORES"
"TFT38T67805","TRD OBRA GRIS","TRD ELÉCTRICO","TRD DISTRIBUCIÓN","TRD SUPRESORES"
"TFT41T75128","TRD OBRA GRIS","TRD FOSAS Y TANQUES","TRD FOSAS","TRD AGUA"
"TFT41T75689","TRD OBRA GRIS","TRD FOSAS Y TANQUES","TRD FOSAS","TRD PLANTAS DE TRATAMIENTO"
"TFT41T75770","TRD OBRA GRIS","TRD FOSAS Y TANQUES","TRD FOSAS","TRD SÉPTICOS"
"TFT41TF7813","TRD OBRA GRIS","TRD FOSAS Y TANQUES","TRD TANQUES","TRD TANQUE DE CONCRETO"
"TFT41TF7814","TRD OBRA GRIS","TRD FOSAS Y TANQUES","TRD TANQUES","TRD TANQUE DE FIBRA DE VIDRIO"
"TFT41TF7816","TRD OBRA GRIS","TRD FOSAS Y TANQUES","TRD TANQUES","TRD TANQUE DE PVC"
"TCT39TD4948","TRD ESTRUCTURA","TRD CEMENTICIOS","TRD PREFABRICADOS","TRD ACCESORIOS PARA MONTAJE"
